image_id,image_path,filename
10125,myntradataset\images\10125.jpg,10125.jpg
10139,myntradataset\images\10139.jpg,10139.jpg
10175,myntradataset\images\10175.jpg,10175.jpg
10199,myntradataset\images\10199.jpg,10199.jpg
10203,myntradataset\images\10203.jpg,10203.jpg
10225,myntradataset\images\10225.jpg,10225.jpg
10249,myntradataset\images\10249.jpg,10249.jpg
10265,myntradataset\images\10265.jpg,10265.jpg
10267,myntradataset\images\10267.jpg,10267.jpg
10286,myntradataset\images\10286.jpg,10286.jpg
10296,myntradataset\images\10296.jpg,10296.jpg
10308,myntradataset\images\10308.jpg,10308.jpg
10329,myntradataset\images\10329.jpg,10329.jpg
10354,myntradataset\images\10354.jpg,10354.jpg
10362,myntradataset\images\10362.jpg,10362.jpg
10371,myntradataset\images\10371.jpg,10371.jpg
10385,myntradataset\images\10385.jpg,10385.jpg
10393,myntradataset\images\10393.jpg,10393.jpg
10396,myntradataset\images\10396.jpg,10396.jpg
10446,myntradataset\images\10446.jpg,10446.jpg
10476,myntradataset\images\10476.jpg,10476.jpg
10477,myntradataset\images\10477.jpg,10477.jpg
10501,myntradataset\images\10501.jpg,10501.jpg
10512,myntradataset\images\10512.jpg,10512.jpg
10569,myntradataset\images\10569.jpg,10569.jpg
10599,myntradataset\images\10599.jpg,10599.jpg
10712,myntradataset\images\10712.jpg,10712.jpg
10740,myntradataset\images\10740.jpg,10740.jpg
10743,myntradataset\images\10743.jpg,10743.jpg
10744,myntradataset\images\10744.jpg,10744.jpg
10760,myntradataset\images\10760.jpg,10760.jpg
10767,myntradataset\images\10767.jpg,10767.jpg
10796,myntradataset\images\10796.jpg,10796.jpg
10806,myntradataset\images\10806.jpg,10806.jpg
10828,myntradataset\images\10828.jpg,10828.jpg
10854,myntradataset\images\10854.jpg,10854.jpg
10858,myntradataset\images\10858.jpg,10858.jpg
10879,myntradataset\images\10879.jpg,10879.jpg
11043,myntradataset\images\11043.jpg,11043.jpg
11076,myntradataset\images\11076.jpg,11076.jpg
11079,myntradataset\images\11079.jpg,11079.jpg
11090,myntradataset\images\11090.jpg,11090.jpg
11110,myntradataset\images\11110.jpg,11110.jpg
11123,myntradataset\images\11123.jpg,11123.jpg
11130,myntradataset\images\11130.jpg,11130.jpg
11132,myntradataset\images\11132.jpg,11132.jpg
11139,myntradataset\images\11139.jpg,11139.jpg
11168,myntradataset\images\11168.jpg,11168.jpg
11205,myntradataset\images\11205.jpg,11205.jpg
11265,myntradataset\images\11265.jpg,11265.jpg
11301,myntradataset\images\11301.jpg,11301.jpg
11302,myntradataset\images\11302.jpg,11302.jpg
11327,myntradataset\images\11327.jpg,11327.jpg
11393,myntradataset\images\11393.jpg,11393.jpg
11402,myntradataset\images\11402.jpg,11402.jpg
11422,myntradataset\images\11422.jpg,11422.jpg
11445,myntradataset\images\11445.jpg,11445.jpg
11448,myntradataset\images\11448.jpg,11448.jpg
11462,myntradataset\images\11462.jpg,11462.jpg
11471,myntradataset\images\11471.jpg,11471.jpg
11512,myntradataset\images\11512.jpg,11512.jpg
11570,myntradataset\images\11570.jpg,11570.jpg
11572,myntradataset\images\11572.jpg,11572.jpg
11576,myntradataset\images\11576.jpg,11576.jpg
11585,myntradataset\images\11585.jpg,11585.jpg
11625,myntradataset\images\11625.jpg,11625.jpg
11678,myntradataset\images\11678.jpg,11678.jpg
11691,myntradataset\images\11691.jpg,11691.jpg
11739,myntradataset\images\11739.jpg,11739.jpg
11758,myntradataset\images\11758.jpg,11758.jpg
11807,myntradataset\images\11807.jpg,11807.jpg
11810,myntradataset\images\11810.jpg,11810.jpg
11813,myntradataset\images\11813.jpg,11813.jpg
11827,myntradataset\images\11827.jpg,11827.jpg
11890,myntradataset\images\11890.jpg,11890.jpg
11894,myntradataset\images\11894.jpg,11894.jpg
11918,myntradataset\images\11918.jpg,11918.jpg
11927,myntradataset\images\11927.jpg,11927.jpg
11940,myntradataset\images\11940.jpg,11940.jpg
11956,myntradataset\images\11956.jpg,11956.jpg
11970,myntradataset\images\11970.jpg,11970.jpg
11992,myntradataset\images\11992.jpg,11992.jpg
11999,myntradataset\images\11999.jpg,11999.jpg
12005,myntradataset\images\12005.jpg,12005.jpg
12007,myntradataset\images\12007.jpg,12007.jpg
12014,myntradataset\images\12014.jpg,12014.jpg
12045,myntradataset\images\12045.jpg,12045.jpg
12122,myntradataset\images\12122.jpg,12122.jpg
12150,myntradataset\images\12150.jpg,12150.jpg
12188,myntradataset\images\12188.jpg,12188.jpg
12204,myntradataset\images\12204.jpg,12204.jpg
12207,myntradataset\images\12207.jpg,12207.jpg
12247,myntradataset\images\12247.jpg,12247.jpg
12408,myntradataset\images\12408.jpg,12408.jpg
12463,myntradataset\images\12463.jpg,12463.jpg
12489,myntradataset\images\12489.jpg,12489.jpg
12507,myntradataset\images\12507.jpg,12507.jpg
12520,myntradataset\images\12520.jpg,12520.jpg
12545,myntradataset\images\12545.jpg,12545.jpg
12557,myntradataset\images\12557.jpg,12557.jpg
12610,myntradataset\images\12610.jpg,12610.jpg
12617,myntradataset\images\12617.jpg,12617.jpg
12618,myntradataset\images\12618.jpg,12618.jpg
12621,myntradataset\images\12621.jpg,12621.jpg
12625,myntradataset\images\12625.jpg,12625.jpg
12627,myntradataset\images\12627.jpg,12627.jpg
12710,myntradataset\images\12710.jpg,12710.jpg
12714,myntradataset\images\12714.jpg,12714.jpg
12724,myntradataset\images\12724.jpg,12724.jpg
12742,myntradataset\images\12742.jpg,12742.jpg
12780,myntradataset\images\12780.jpg,12780.jpg
12800,myntradataset\images\12800.jpg,12800.jpg
12812,myntradataset\images\12812.jpg,12812.jpg
12814,myntradataset\images\12814.jpg,12814.jpg
12839,myntradataset\images\12839.jpg,12839.jpg
12925,myntradataset\images\12925.jpg,12925.jpg
12958,myntradataset\images\12958.jpg,12958.jpg
12979,myntradataset\images\12979.jpg,12979.jpg
12993,myntradataset\images\12993.jpg,12993.jpg
12996,myntradataset\images\12996.jpg,12996.jpg
13028,myntradataset\images\13028.jpg,13028.jpg
13037,myntradataset\images\13037.jpg,13037.jpg
13058,myntradataset\images\13058.jpg,13058.jpg
13069,myntradataset\images\13069.jpg,13069.jpg
13072,myntradataset\images\13072.jpg,13072.jpg
13080,myntradataset\images\13080.jpg,13080.jpg
13095,myntradataset\images\13095.jpg,13095.jpg
13111,myntradataset\images\13111.jpg,13111.jpg
13167,myntradataset\images\13167.jpg,13167.jpg
13210,myntradataset\images\13210.jpg,13210.jpg
13229,myntradataset\images\13229.jpg,13229.jpg
13240,myntradataset\images\13240.jpg,13240.jpg
13244,myntradataset\images\13244.jpg,13244.jpg
13246,myntradataset\images\13246.jpg,13246.jpg
13261,myntradataset\images\13261.jpg,13261.jpg
13299,myntradataset\images\13299.jpg,13299.jpg
13321,myntradataset\images\13321.jpg,13321.jpg
13373,myntradataset\images\13373.jpg,13373.jpg
13383,myntradataset\images\13383.jpg,13383.jpg
13416,myntradataset\images\13416.jpg,13416.jpg
13425,myntradataset\images\13425.jpg,13425.jpg
13453,myntradataset\images\13453.jpg,13453.jpg
13479,myntradataset\images\13479.jpg,13479.jpg
13513,myntradataset\images\13513.jpg,13513.jpg
13539,myntradataset\images\13539.jpg,13539.jpg
13544,myntradataset\images\13544.jpg,13544.jpg
13593,myntradataset\images\13593.jpg,13593.jpg
13654,myntradataset\images\13654.jpg,13654.jpg
13713,myntradataset\images\13713.jpg,13713.jpg
13718,myntradataset\images\13718.jpg,13718.jpg
13751,myntradataset\images\13751.jpg,13751.jpg
13756,myntradataset\images\13756.jpg,13756.jpg
13783,myntradataset\images\13783.jpg,13783.jpg
13786,myntradataset\images\13786.jpg,13786.jpg
13882,myntradataset\images\13882.jpg,13882.jpg
13904,myntradataset\images\13904.jpg,13904.jpg
13956,myntradataset\images\13956.jpg,13956.jpg
13978,myntradataset\images\13978.jpg,13978.jpg
14002,myntradataset\images\14002.jpg,14002.jpg
14019,myntradataset\images\14019.jpg,14019.jpg
14026,myntradataset\images\14026.jpg,14026.jpg
14035,myntradataset\images\14035.jpg,14035.jpg
14057,myntradataset\images\14057.jpg,14057.jpg
14062,myntradataset\images\14062.jpg,14062.jpg
14063,myntradataset\images\14063.jpg,14063.jpg
14090,myntradataset\images\14090.jpg,14090.jpg
14112,myntradataset\images\14112.jpg,14112.jpg
14122,myntradataset\images\14122.jpg,14122.jpg
14145,myntradataset\images\14145.jpg,14145.jpg
14166,myntradataset\images\14166.jpg,14166.jpg
14300,myntradataset\images\14300.jpg,14300.jpg
14329,myntradataset\images\14329.jpg,14329.jpg
14339,myntradataset\images\14339.jpg,14339.jpg
14353,myntradataset\images\14353.jpg,14353.jpg
14401,myntradataset\images\14401.jpg,14401.jpg
14466,myntradataset\images\14466.jpg,14466.jpg
14481,myntradataset\images\14481.jpg,14481.jpg
14500,myntradataset\images\14500.jpg,14500.jpg
14503,myntradataset\images\14503.jpg,14503.jpg
14552,myntradataset\images\14552.jpg,14552.jpg
14557,myntradataset\images\14557.jpg,14557.jpg
14575,myntradataset\images\14575.jpg,14575.jpg
14636,myntradataset\images\14636.jpg,14636.jpg
14639,myntradataset\images\14639.jpg,14639.jpg
14664,myntradataset\images\14664.jpg,14664.jpg
14679,myntradataset\images\14679.jpg,14679.jpg
14698,myntradataset\images\14698.jpg,14698.jpg
14717,myntradataset\images\14717.jpg,14717.jpg
14719,myntradataset\images\14719.jpg,14719.jpg
14773,myntradataset\images\14773.jpg,14773.jpg
14820,myntradataset\images\14820.jpg,14820.jpg
14870,myntradataset\images\14870.jpg,14870.jpg
14962,myntradataset\images\14962.jpg,14962.jpg
14965,myntradataset\images\14965.jpg,14965.jpg
14974,myntradataset\images\14974.jpg,14974.jpg
15011,myntradataset\images\15011.jpg,15011.jpg
15025,myntradataset\images\15025.jpg,15025.jpg
15052,myntradataset\images\15052.jpg,15052.jpg
15057,myntradataset\images\15057.jpg,15057.jpg
15076,myntradataset\images\15076.jpg,15076.jpg
15088,myntradataset\images\15088.jpg,15088.jpg
15114,myntradataset\images\15114.jpg,15114.jpg
15151,myntradataset\images\15151.jpg,15151.jpg
15169,myntradataset\images\15169.jpg,15169.jpg
15170,myntradataset\images\15170.jpg,15170.jpg
15232,myntradataset\images\15232.jpg,15232.jpg
15255,myntradataset\images\15255.jpg,15255.jpg
1526,myntradataset\images\1526.jpg,1526.jpg
15294,myntradataset\images\15294.jpg,15294.jpg
15343,myntradataset\images\15343.jpg,15343.jpg
15353,myntradataset\images\15353.jpg,15353.jpg
15392,myntradataset\images\15392.jpg,15392.jpg
1541,myntradataset\images\1541.jpg,1541.jpg
15492,myntradataset\images\15492.jpg,15492.jpg
15611,myntradataset\images\15611.jpg,15611.jpg
15614,myntradataset\images\15614.jpg,15614.jpg
15624,myntradataset\images\15624.jpg,15624.jpg
15633,myntradataset\images\15633.jpg,15633.jpg
15662,myntradataset\images\15662.jpg,15662.jpg
15709,myntradataset\images\15709.jpg,15709.jpg
15736,myntradataset\images\15736.jpg,15736.jpg
15742,myntradataset\images\15742.jpg,15742.jpg
15746,myntradataset\images\15746.jpg,15746.jpg
1575,myntradataset\images\1575.jpg,1575.jpg
15773,myntradataset\images\15773.jpg,15773.jpg
15846,myntradataset\images\15846.jpg,15846.jpg
15878,myntradataset\images\15878.jpg,15878.jpg
15919,myntradataset\images\15919.jpg,15919.jpg
15924,myntradataset\images\15924.jpg,15924.jpg
15955,myntradataset\images\15955.jpg,15955.jpg
15963,myntradataset\images\15963.jpg,15963.jpg
15984,myntradataset\images\15984.jpg,15984.jpg
15998,myntradataset\images\15998.jpg,15998.jpg
16054,myntradataset\images\16054.jpg,16054.jpg
16059,myntradataset\images\16059.jpg,16059.jpg
16065,myntradataset\images\16065.jpg,16065.jpg
16088,myntradataset\images\16088.jpg,16088.jpg
16127,myntradataset\images\16127.jpg,16127.jpg
16145,myntradataset\images\16145.jpg,16145.jpg
16147,myntradataset\images\16147.jpg,16147.jpg
16165,myntradataset\images\16165.jpg,16165.jpg
16182,myntradataset\images\16182.jpg,16182.jpg
16218,myntradataset\images\16218.jpg,16218.jpg
16229,myntradataset\images\16229.jpg,16229.jpg
16230,myntradataset\images\16230.jpg,16230.jpg
16234,myntradataset\images\16234.jpg,16234.jpg
16340,myntradataset\images\16340.jpg,16340.jpg
16427,myntradataset\images\16427.jpg,16427.jpg
16469,myntradataset\images\16469.jpg,16469.jpg
16506,myntradataset\images\16506.jpg,16506.jpg
16526,myntradataset\images\16526.jpg,16526.jpg
16541,myntradataset\images\16541.jpg,16541.jpg
16616,myntradataset\images\16616.jpg,16616.jpg
16628,myntradataset\images\16628.jpg,16628.jpg
16636,myntradataset\images\16636.jpg,16636.jpg
16730,myntradataset\images\16730.jpg,16730.jpg
16745,myntradataset\images\16745.jpg,16745.jpg
16785,myntradataset\images\16785.jpg,16785.jpg
16794,myntradataset\images\16794.jpg,16794.jpg
16799,myntradataset\images\16799.jpg,16799.jpg
16808,myntradataset\images\16808.jpg,16808.jpg
16814,myntradataset\images\16814.jpg,16814.jpg
16867,myntradataset\images\16867.jpg,16867.jpg
16881,myntradataset\images\16881.jpg,16881.jpg
16886,myntradataset\images\16886.jpg,16886.jpg
16901,myntradataset\images\16901.jpg,16901.jpg
16957,myntradataset\images\16957.jpg,16957.jpg
16978,myntradataset\images\16978.jpg,16978.jpg
16991,myntradataset\images\16991.jpg,16991.jpg
16995,myntradataset\images\16995.jpg,16995.jpg
17001,myntradataset\images\17001.jpg,17001.jpg
17033,myntradataset\images\17033.jpg,17033.jpg
17045,myntradataset\images\17045.jpg,17045.jpg
17079,myntradataset\images\17079.jpg,17079.jpg
17126,myntradataset\images\17126.jpg,17126.jpg
17136,myntradataset\images\17136.jpg,17136.jpg
17174,myntradataset\images\17174.jpg,17174.jpg
17195,myntradataset\images\17195.jpg,17195.jpg
17247,myntradataset\images\17247.jpg,17247.jpg
1727,myntradataset\images\1727.jpg,1727.jpg
17276,myntradataset\images\17276.jpg,17276.jpg
17281,myntradataset\images\17281.jpg,17281.jpg
17286,myntradataset\images\17286.jpg,17286.jpg
17317,myntradataset\images\17317.jpg,17317.jpg
17398,myntradataset\images\17398.jpg,17398.jpg
17400,myntradataset\images\17400.jpg,17400.jpg
17402,myntradataset\images\17402.jpg,17402.jpg
17406,myntradataset\images\17406.jpg,17406.jpg
17441,myntradataset\images\17441.jpg,17441.jpg
17452,myntradataset\images\17452.jpg,17452.jpg
17453,myntradataset\images\17453.jpg,17453.jpg
17497,myntradataset\images\17497.jpg,17497.jpg
17503,myntradataset\images\17503.jpg,17503.jpg
17507,myntradataset\images\17507.jpg,17507.jpg
17510,myntradataset\images\17510.jpg,17510.jpg
17527,myntradataset\images\17527.jpg,17527.jpg
17531,myntradataset\images\17531.jpg,17531.jpg
17540,myntradataset\images\17540.jpg,17540.jpg
17541,myntradataset\images\17541.jpg,17541.jpg
1759,myntradataset\images\1759.jpg,1759.jpg
17631,myntradataset\images\17631.jpg,17631.jpg
1764,myntradataset\images\1764.jpg,1764.jpg
17687,myntradataset\images\17687.jpg,17687.jpg
17699,myntradataset\images\17699.jpg,17699.jpg
17707,myntradataset\images\17707.jpg,17707.jpg
17721,myntradataset\images\17721.jpg,17721.jpg
17765,myntradataset\images\17765.jpg,17765.jpg
17793,myntradataset\images\17793.jpg,17793.jpg
17806,myntradataset\images\17806.jpg,17806.jpg
17826,myntradataset\images\17826.jpg,17826.jpg
17850,myntradataset\images\17850.jpg,17850.jpg
17854,myntradataset\images\17854.jpg,17854.jpg
17862,myntradataset\images\17862.jpg,17862.jpg
17871,myntradataset\images\17871.jpg,17871.jpg
17883,myntradataset\images\17883.jpg,17883.jpg
17920,myntradataset\images\17920.jpg,17920.jpg
17946,myntradataset\images\17946.jpg,17946.jpg
1795,myntradataset\images\1795.jpg,1795.jpg
18000,myntradataset\images\18000.jpg,18000.jpg
1801,myntradataset\images\1801.jpg,1801.jpg
18019,myntradataset\images\18019.jpg,18019.jpg
18041,myntradataset\images\18041.jpg,18041.jpg
18052,myntradataset\images\18052.jpg,18052.jpg
18133,myntradataset\images\18133.jpg,18133.jpg
18167,myntradataset\images\18167.jpg,18167.jpg
18235,myntradataset\images\18235.jpg,18235.jpg
18272,myntradataset\images\18272.jpg,18272.jpg
18305,myntradataset\images\18305.jpg,18305.jpg
18320,myntradataset\images\18320.jpg,18320.jpg
18370,myntradataset\images\18370.jpg,18370.jpg
18378,myntradataset\images\18378.jpg,18378.jpg
18388,myntradataset\images\18388.jpg,18388.jpg
18406,myntradataset\images\18406.jpg,18406.jpg
18417,myntradataset\images\18417.jpg,18417.jpg
18434,myntradataset\images\18434.jpg,18434.jpg
18451,myntradataset\images\18451.jpg,18451.jpg
18456,myntradataset\images\18456.jpg,18456.jpg
18474,myntradataset\images\18474.jpg,18474.jpg
18475,myntradataset\images\18475.jpg,18475.jpg
18487,myntradataset\images\18487.jpg,18487.jpg
18501,myntradataset\images\18501.jpg,18501.jpg
18553,myntradataset\images\18553.jpg,18553.jpg
18569,myntradataset\images\18569.jpg,18569.jpg
18602,myntradataset\images\18602.jpg,18602.jpg
18616,myntradataset\images\18616.jpg,18616.jpg
18617,myntradataset\images\18617.jpg,18617.jpg
18630,myntradataset\images\18630.jpg,18630.jpg
18637,myntradataset\images\18637.jpg,18637.jpg
18641,myntradataset\images\18641.jpg,18641.jpg
18646,myntradataset\images\18646.jpg,18646.jpg
18681,myntradataset\images\18681.jpg,18681.jpg
18689,myntradataset\images\18689.jpg,18689.jpg
18690,myntradataset\images\18690.jpg,18690.jpg
1871,myntradataset\images\1871.jpg,1871.jpg
18734,myntradataset\images\18734.jpg,18734.jpg
18744,myntradataset\images\18744.jpg,18744.jpg
1875,myntradataset\images\1875.jpg,1875.jpg
18761,myntradataset\images\18761.jpg,18761.jpg
1877,myntradataset\images\1877.jpg,1877.jpg
18827,myntradataset\images\18827.jpg,18827.jpg
18832,myntradataset\images\18832.jpg,18832.jpg
18851,myntradataset\images\18851.jpg,18851.jpg
18877,myntradataset\images\18877.jpg,18877.jpg
18911,myntradataset\images\18911.jpg,18911.jpg
18939,myntradataset\images\18939.jpg,18939.jpg
18982,myntradataset\images\18982.jpg,18982.jpg
19014,myntradataset\images\19014.jpg,19014.jpg
1905,myntradataset\images\1905.jpg,1905.jpg
19059,myntradataset\images\19059.jpg,19059.jpg
19118,myntradataset\images\19118.jpg,19118.jpg
19127,myntradataset\images\19127.jpg,19127.jpg
19169,myntradataset\images\19169.jpg,19169.jpg
19173,myntradataset\images\19173.jpg,19173.jpg
19180,myntradataset\images\19180.jpg,19180.jpg
19220,myntradataset\images\19220.jpg,19220.jpg
19251,myntradataset\images\19251.jpg,19251.jpg
1927,myntradataset\images\1927.jpg,1927.jpg
19287,myntradataset\images\19287.jpg,19287.jpg
19357,myntradataset\images\19357.jpg,19357.jpg
19387,myntradataset\images\19387.jpg,19387.jpg
19408,myntradataset\images\19408.jpg,19408.jpg
19426,myntradataset\images\19426.jpg,19426.jpg
19433,myntradataset\images\19433.jpg,19433.jpg
19487,myntradataset\images\19487.jpg,19487.jpg
19495,myntradataset\images\19495.jpg,19495.jpg
19525,myntradataset\images\19525.jpg,19525.jpg
19526,myntradataset\images\19526.jpg,19526.jpg
19541,myntradataset\images\19541.jpg,19541.jpg
19552,myntradataset\images\19552.jpg,19552.jpg
19567,myntradataset\images\19567.jpg,19567.jpg
19572,myntradataset\images\19572.jpg,19572.jpg
19608,myntradataset\images\19608.jpg,19608.jpg
19658,myntradataset\images\19658.jpg,19658.jpg
19668,myntradataset\images\19668.jpg,19668.jpg
19696,myntradataset\images\19696.jpg,19696.jpg
19702,myntradataset\images\19702.jpg,19702.jpg
19727,myntradataset\images\19727.jpg,19727.jpg
19745,myntradataset\images\19745.jpg,19745.jpg
19751,myntradataset\images\19751.jpg,19751.jpg
19767,myntradataset\images\19767.jpg,19767.jpg
19820,myntradataset\images\19820.jpg,19820.jpg
19830,myntradataset\images\19830.jpg,19830.jpg
19856,myntradataset\images\19856.jpg,19856.jpg
20004,myntradataset\images\20004.jpg,20004.jpg
20038,myntradataset\images\20038.jpg,20038.jpg
20108,myntradataset\images\20108.jpg,20108.jpg
20124,myntradataset\images\20124.jpg,20124.jpg
20142,myntradataset\images\20142.jpg,20142.jpg
20171,myntradataset\images\20171.jpg,20171.jpg
20175,myntradataset\images\20175.jpg,20175.jpg
20182,myntradataset\images\20182.jpg,20182.jpg
20196,myntradataset\images\20196.jpg,20196.jpg
20201,myntradataset\images\20201.jpg,20201.jpg
20202,myntradataset\images\20202.jpg,20202.jpg
20253,myntradataset\images\20253.jpg,20253.jpg
20321,myntradataset\images\20321.jpg,20321.jpg
20324,myntradataset\images\20324.jpg,20324.jpg
20368,myntradataset\images\20368.jpg,20368.jpg
20408,myntradataset\images\20408.jpg,20408.jpg
20445,myntradataset\images\20445.jpg,20445.jpg
2052,myntradataset\images\2052.jpg,2052.jpg
20564,myntradataset\images\20564.jpg,20564.jpg
20582,myntradataset\images\20582.jpg,20582.jpg
20602,myntradataset\images\20602.jpg,20602.jpg
20626,myntradataset\images\20626.jpg,20626.jpg
20682,myntradataset\images\20682.jpg,20682.jpg
20687,myntradataset\images\20687.jpg,20687.jpg
20704,myntradataset\images\20704.jpg,20704.jpg
20762,myntradataset\images\20762.jpg,20762.jpg
20771,myntradataset\images\20771.jpg,20771.jpg
20783,myntradataset\images\20783.jpg,20783.jpg
20807,myntradataset\images\20807.jpg,20807.jpg
20827,myntradataset\images\20827.jpg,20827.jpg
20876,myntradataset\images\20876.jpg,20876.jpg
20932,myntradataset\images\20932.jpg,20932.jpg
20936,myntradataset\images\20936.jpg,20936.jpg
20952,myntradataset\images\20952.jpg,20952.jpg
21026,myntradataset\images\21026.jpg,21026.jpg
2106,myntradataset\images\2106.jpg,2106.jpg
21118,myntradataset\images\21118.jpg,21118.jpg
21126,myntradataset\images\21126.jpg,21126.jpg
21138,myntradataset\images\21138.jpg,21138.jpg
21142,myntradataset\images\21142.jpg,21142.jpg
2117,myntradataset\images\2117.jpg,2117.jpg
21224,myntradataset\images\21224.jpg,21224.jpg
21241,myntradataset\images\21241.jpg,21241.jpg
21280,myntradataset\images\21280.jpg,21280.jpg
21294,myntradataset\images\21294.jpg,21294.jpg
21325,myntradataset\images\21325.jpg,21325.jpg
21408,myntradataset\images\21408.jpg,21408.jpg
21443,myntradataset\images\21443.jpg,21443.jpg
21523,myntradataset\images\21523.jpg,21523.jpg
21524,myntradataset\images\21524.jpg,21524.jpg
21571,myntradataset\images\21571.jpg,21571.jpg
21582,myntradataset\images\21582.jpg,21582.jpg
21594,myntradataset\images\21594.jpg,21594.jpg
2163,myntradataset\images\2163.jpg,2163.jpg
21653,myntradataset\images\21653.jpg,21653.jpg
21662,myntradataset\images\21662.jpg,21662.jpg
21692,myntradataset\images\21692.jpg,21692.jpg
21725,myntradataset\images\21725.jpg,21725.jpg
2177,myntradataset\images\2177.jpg,2177.jpg
21805,myntradataset\images\21805.jpg,21805.jpg
21877,myntradataset\images\21877.jpg,21877.jpg
21897,myntradataset\images\21897.jpg,21897.jpg
21905,myntradataset\images\21905.jpg,21905.jpg
21924,myntradataset\images\21924.jpg,21924.jpg
21941,myntradataset\images\21941.jpg,21941.jpg
21975,myntradataset\images\21975.jpg,21975.jpg
22011,myntradataset\images\22011.jpg,22011.jpg
22014,myntradataset\images\22014.jpg,22014.jpg
22044,myntradataset\images\22044.jpg,22044.jpg
22082,myntradataset\images\22082.jpg,22082.jpg
22096,myntradataset\images\22096.jpg,22096.jpg
22126,myntradataset\images\22126.jpg,22126.jpg
22145,myntradataset\images\22145.jpg,22145.jpg
2218,myntradataset\images\2218.jpg,2218.jpg
22203,myntradataset\images\22203.jpg,22203.jpg
22216,myntradataset\images\22216.jpg,22216.jpg
22307,myntradataset\images\22307.jpg,22307.jpg
22324,myntradataset\images\22324.jpg,22324.jpg
22336,myntradataset\images\22336.jpg,22336.jpg
22348,myntradataset\images\22348.jpg,22348.jpg
22376,myntradataset\images\22376.jpg,22376.jpg
22391,myntradataset\images\22391.jpg,22391.jpg
22457,myntradataset\images\22457.jpg,22457.jpg
22573,myntradataset\images\22573.jpg,22573.jpg
22575,myntradataset\images\22575.jpg,22575.jpg
22603,myntradataset\images\22603.jpg,22603.jpg
22616,myntradataset\images\22616.jpg,22616.jpg
22635,myntradataset\images\22635.jpg,22635.jpg
22654,myntradataset\images\22654.jpg,22654.jpg
22661,myntradataset\images\22661.jpg,22661.jpg
22666,myntradataset\images\22666.jpg,22666.jpg
22701,myntradataset\images\22701.jpg,22701.jpg
22740,myntradataset\images\22740.jpg,22740.jpg
22754,myntradataset\images\22754.jpg,22754.jpg
22792,myntradataset\images\22792.jpg,22792.jpg
22798,myntradataset\images\22798.jpg,22798.jpg
22856,myntradataset\images\22856.jpg,22856.jpg
22860,myntradataset\images\22860.jpg,22860.jpg
22863,myntradataset\images\22863.jpg,22863.jpg
22909,myntradataset\images\22909.jpg,22909.jpg
22912,myntradataset\images\22912.jpg,22912.jpg
22931,myntradataset\images\22931.jpg,22931.jpg
22939,myntradataset\images\22939.jpg,22939.jpg
22990,myntradataset\images\22990.jpg,22990.jpg
22998,myntradataset\images\22998.jpg,22998.jpg
2300,myntradataset\images\2300.jpg,2300.jpg
23004,myntradataset\images\23004.jpg,23004.jpg
23031,myntradataset\images\23031.jpg,23031.jpg
23043,myntradataset\images\23043.jpg,23043.jpg
23136,myntradataset\images\23136.jpg,23136.jpg
23147,myntradataset\images\23147.jpg,23147.jpg
23161,myntradataset\images\23161.jpg,23161.jpg
23169,myntradataset\images\23169.jpg,23169.jpg
2318,myntradataset\images\2318.jpg,2318.jpg
23181,myntradataset\images\23181.jpg,23181.jpg
23193,myntradataset\images\23193.jpg,23193.jpg
23210,myntradataset\images\23210.jpg,23210.jpg
23215,myntradataset\images\23215.jpg,23215.jpg
23222,myntradataset\images\23222.jpg,23222.jpg
23308,myntradataset\images\23308.jpg,23308.jpg
23326,myntradataset\images\23326.jpg,23326.jpg
23400,myntradataset\images\23400.jpg,23400.jpg
2345,myntradataset\images\2345.jpg,2345.jpg
23464,myntradataset\images\23464.jpg,23464.jpg
23474,myntradataset\images\23474.jpg,23474.jpg
23522,myntradataset\images\23522.jpg,23522.jpg
23543,myntradataset\images\23543.jpg,23543.jpg
23587,myntradataset\images\23587.jpg,23587.jpg
23598,myntradataset\images\23598.jpg,23598.jpg
23610,myntradataset\images\23610.jpg,23610.jpg
23682,myntradataset\images\23682.jpg,23682.jpg
23709,myntradataset\images\23709.jpg,23709.jpg
23718,myntradataset\images\23718.jpg,23718.jpg
23771,myntradataset\images\23771.jpg,23771.jpg
23804,myntradataset\images\23804.jpg,23804.jpg
23833,myntradataset\images\23833.jpg,23833.jpg
23939,myntradataset\images\23939.jpg,23939.jpg
23955,myntradataset\images\23955.jpg,23955.jpg
23989,myntradataset\images\23989.jpg,23989.jpg
24015,myntradataset\images\24015.jpg,24015.jpg
24018,myntradataset\images\24018.jpg,24018.jpg
24023,myntradataset\images\24023.jpg,24023.jpg
24049,myntradataset\images\24049.jpg,24049.jpg
24053,myntradataset\images\24053.jpg,24053.jpg
24099,myntradataset\images\24099.jpg,24099.jpg
24121,myntradataset\images\24121.jpg,24121.jpg
24215,myntradataset\images\24215.jpg,24215.jpg
24291,myntradataset\images\24291.jpg,24291.jpg
24357,myntradataset\images\24357.jpg,24357.jpg
24378,myntradataset\images\24378.jpg,24378.jpg
24419,myntradataset\images\24419.jpg,24419.jpg
24552,myntradataset\images\24552.jpg,24552.jpg
24579,myntradataset\images\24579.jpg,24579.jpg
24606,myntradataset\images\24606.jpg,24606.jpg
24618,myntradataset\images\24618.jpg,24618.jpg
24651,myntradataset\images\24651.jpg,24651.jpg
24688,myntradataset\images\24688.jpg,24688.jpg
24696,myntradataset\images\24696.jpg,24696.jpg
24735,myntradataset\images\24735.jpg,24735.jpg
24753,myntradataset\images\24753.jpg,24753.jpg
24910,myntradataset\images\24910.jpg,24910.jpg
24920,myntradataset\images\24920.jpg,24920.jpg
24947,myntradataset\images\24947.jpg,24947.jpg
2500,myntradataset\images\2500.jpg,2500.jpg
25107,myntradataset\images\25107.jpg,25107.jpg
25118,myntradataset\images\25118.jpg,25118.jpg
25150,myntradataset\images\25150.jpg,25150.jpg
25168,myntradataset\images\25168.jpg,25168.jpg
25176,myntradataset\images\25176.jpg,25176.jpg
25178,myntradataset\images\25178.jpg,25178.jpg
25187,myntradataset\images\25187.jpg,25187.jpg
25199,myntradataset\images\25199.jpg,25199.jpg
25243,myntradataset\images\25243.jpg,25243.jpg
25253,myntradataset\images\25253.jpg,25253.jpg
25273,myntradataset\images\25273.jpg,25273.jpg
25284,myntradataset\images\25284.jpg,25284.jpg
25325,myntradataset\images\25325.jpg,25325.jpg
25435,myntradataset\images\25435.jpg,25435.jpg
25480,myntradataset\images\25480.jpg,25480.jpg
25525,myntradataset\images\25525.jpg,25525.jpg
25532,myntradataset\images\25532.jpg,25532.jpg
25540,myntradataset\images\25540.jpg,25540.jpg
25585,myntradataset\images\25585.jpg,25585.jpg
25588,myntradataset\images\25588.jpg,25588.jpg
25631,myntradataset\images\25631.jpg,25631.jpg
25643,myntradataset\images\25643.jpg,25643.jpg
25685,myntradataset\images\25685.jpg,25685.jpg
25738,myntradataset\images\25738.jpg,25738.jpg
25754,myntradataset\images\25754.jpg,25754.jpg
2579,myntradataset\images\2579.jpg,2579.jpg
25818,myntradataset\images\25818.jpg,25818.jpg
25845,myntradataset\images\25845.jpg,25845.jpg
25874,myntradataset\images\25874.jpg,25874.jpg
25876,myntradataset\images\25876.jpg,25876.jpg
25881,myntradataset\images\25881.jpg,25881.jpg
25889,myntradataset\images\25889.jpg,25889.jpg
25893,myntradataset\images\25893.jpg,25893.jpg
25898,myntradataset\images\25898.jpg,25898.jpg
25909,myntradataset\images\25909.jpg,25909.jpg
25933,myntradataset\images\25933.jpg,25933.jpg
25938,myntradataset\images\25938.jpg,25938.jpg
25940,myntradataset\images\25940.jpg,25940.jpg
25961,myntradataset\images\25961.jpg,25961.jpg
25984,myntradataset\images\25984.jpg,25984.jpg
25998,myntradataset\images\25998.jpg,25998.jpg
2603,myntradataset\images\2603.jpg,2603.jpg
26030,myntradataset\images\26030.jpg,26030.jpg
26043,myntradataset\images\26043.jpg,26043.jpg
26063,myntradataset\images\26063.jpg,26063.jpg
26068,myntradataset\images\26068.jpg,26068.jpg
26072,myntradataset\images\26072.jpg,26072.jpg
26183,myntradataset\images\26183.jpg,26183.jpg
26263,myntradataset\images\26263.jpg,26263.jpg
26266,myntradataset\images\26266.jpg,26266.jpg
26277,myntradataset\images\26277.jpg,26277.jpg
26280,myntradataset\images\26280.jpg,26280.jpg
26282,myntradataset\images\26282.jpg,26282.jpg
26346,myntradataset\images\26346.jpg,26346.jpg
26364,myntradataset\images\26364.jpg,26364.jpg
26384,myntradataset\images\26384.jpg,26384.jpg
2641,myntradataset\images\2641.jpg,2641.jpg
26541,myntradataset\images\26541.jpg,26541.jpg
26554,myntradataset\images\26554.jpg,26554.jpg
2656,myntradataset\images\2656.jpg,2656.jpg
2661,myntradataset\images\2661.jpg,2661.jpg
26611,myntradataset\images\26611.jpg,26611.jpg
26667,myntradataset\images\26667.jpg,26667.jpg
26681,myntradataset\images\26681.jpg,26681.jpg
26689,myntradataset\images\26689.jpg,26689.jpg
26705,myntradataset\images\26705.jpg,26705.jpg
2675,myntradataset\images\2675.jpg,2675.jpg
26791,myntradataset\images\26791.jpg,26791.jpg
26800,myntradataset\images\26800.jpg,26800.jpg
2687,myntradataset\images\2687.jpg,2687.jpg
26882,myntradataset\images\26882.jpg,26882.jpg
26883,myntradataset\images\26883.jpg,26883.jpg
26889,myntradataset\images\26889.jpg,26889.jpg
26893,myntradataset\images\26893.jpg,26893.jpg
26905,myntradataset\images\26905.jpg,26905.jpg
26931,myntradataset\images\26931.jpg,26931.jpg
26937,myntradataset\images\26937.jpg,26937.jpg
26939,myntradataset\images\26939.jpg,26939.jpg
27024,myntradataset\images\27024.jpg,27024.jpg
27030,myntradataset\images\27030.jpg,27030.jpg
27061,myntradataset\images\27061.jpg,27061.jpg
27078,myntradataset\images\27078.jpg,27078.jpg
27129,myntradataset\images\27129.jpg,27129.jpg
27189,myntradataset\images\27189.jpg,27189.jpg
27194,myntradataset\images\27194.jpg,27194.jpg
27195,myntradataset\images\27195.jpg,27195.jpg
27205,myntradataset\images\27205.jpg,27205.jpg
27265,myntradataset\images\27265.jpg,27265.jpg
27281,myntradataset\images\27281.jpg,27281.jpg
27282,myntradataset\images\27282.jpg,27282.jpg
27285,myntradataset\images\27285.jpg,27285.jpg
27358,myntradataset\images\27358.jpg,27358.jpg
27430,myntradataset\images\27430.jpg,27430.jpg
27442,myntradataset\images\27442.jpg,27442.jpg
27456,myntradataset\images\27456.jpg,27456.jpg
27469,myntradataset\images\27469.jpg,27469.jpg
27475,myntradataset\images\27475.jpg,27475.jpg
27496,myntradataset\images\27496.jpg,27496.jpg
27542,myntradataset\images\27542.jpg,27542.jpg
27561,myntradataset\images\27561.jpg,27561.jpg
27607,myntradataset\images\27607.jpg,27607.jpg
27737,myntradataset\images\27737.jpg,27737.jpg
27742,myntradataset\images\27742.jpg,27742.jpg
27758,myntradataset\images\27758.jpg,27758.jpg
27771,myntradataset\images\27771.jpg,27771.jpg
27777,myntradataset\images\27777.jpg,27777.jpg
27828,myntradataset\images\27828.jpg,27828.jpg
27834,myntradataset\images\27834.jpg,27834.jpg
27848,myntradataset\images\27848.jpg,27848.jpg
27867,myntradataset\images\27867.jpg,27867.jpg
27885,myntradataset\images\27885.jpg,27885.jpg
27887,myntradataset\images\27887.jpg,27887.jpg
27891,myntradataset\images\27891.jpg,27891.jpg
27931,myntradataset\images\27931.jpg,27931.jpg
27988,myntradataset\images\27988.jpg,27988.jpg
28044,myntradataset\images\28044.jpg,28044.jpg
28059,myntradataset\images\28059.jpg,28059.jpg
2812,myntradataset\images\2812.jpg,2812.jpg
2817,myntradataset\images\2817.jpg,2817.jpg
28182,myntradataset\images\28182.jpg,28182.jpg
28218,myntradataset\images\28218.jpg,28218.jpg
28240,myntradataset\images\28240.jpg,28240.jpg
28248,myntradataset\images\28248.jpg,28248.jpg
2832,myntradataset\images\2832.jpg,2832.jpg
28330,myntradataset\images\28330.jpg,28330.jpg
28331,myntradataset\images\28331.jpg,28331.jpg
28439,myntradataset\images\28439.jpg,28439.jpg
28468,myntradataset\images\28468.jpg,28468.jpg
28476,myntradataset\images\28476.jpg,28476.jpg
2849,myntradataset\images\2849.jpg,2849.jpg
28516,myntradataset\images\28516.jpg,28516.jpg
28568,myntradataset\images\28568.jpg,28568.jpg
28579,myntradataset\images\28579.jpg,28579.jpg
28592,myntradataset\images\28592.jpg,28592.jpg
28612,myntradataset\images\28612.jpg,28612.jpg
28619,myntradataset\images\28619.jpg,28619.jpg
28675,myntradataset\images\28675.jpg,28675.jpg
28692,myntradataset\images\28692.jpg,28692.jpg
28708,myntradataset\images\28708.jpg,28708.jpg
28714,myntradataset\images\28714.jpg,28714.jpg
28725,myntradataset\images\28725.jpg,28725.jpg
28777,myntradataset\images\28777.jpg,28777.jpg
28807,myntradataset\images\28807.jpg,28807.jpg
28863,myntradataset\images\28863.jpg,28863.jpg
28879,myntradataset\images\28879.jpg,28879.jpg
28923,myntradataset\images\28923.jpg,28923.jpg
2894,myntradataset\images\2894.jpg,2894.jpg
28951,myntradataset\images\28951.jpg,28951.jpg
28964,myntradataset\images\28964.jpg,28964.jpg
2897,myntradataset\images\2897.jpg,2897.jpg
28971,myntradataset\images\28971.jpg,28971.jpg
28972,myntradataset\images\28972.jpg,28972.jpg
29014,myntradataset\images\29014.jpg,29014.jpg
29019,myntradataset\images\29019.jpg,29019.jpg
29035,myntradataset\images\29035.jpg,29035.jpg
29036,myntradataset\images\29036.jpg,29036.jpg
29053,myntradataset\images\29053.jpg,29053.jpg
29075,myntradataset\images\29075.jpg,29075.jpg
29100,myntradataset\images\29100.jpg,29100.jpg
29109,myntradataset\images\29109.jpg,29109.jpg
29164,myntradataset\images\29164.jpg,29164.jpg
2920,myntradataset\images\2920.jpg,2920.jpg
29207,myntradataset\images\29207.jpg,29207.jpg
29213,myntradataset\images\29213.jpg,29213.jpg
29291,myntradataset\images\29291.jpg,29291.jpg
29308,myntradataset\images\29308.jpg,29308.jpg
29390,myntradataset\images\29390.jpg,29390.jpg
29399,myntradataset\images\29399.jpg,29399.jpg
29408,myntradataset\images\29408.jpg,29408.jpg
29498,myntradataset\images\29498.jpg,29498.jpg
29503,myntradataset\images\29503.jpg,29503.jpg
29623,myntradataset\images\29623.jpg,29623.jpg
29649,myntradataset\images\29649.jpg,29649.jpg
2972,myntradataset\images\2972.jpg,2972.jpg
29724,myntradataset\images\29724.jpg,29724.jpg
29734,myntradataset\images\29734.jpg,29734.jpg
29758,myntradataset\images\29758.jpg,29758.jpg
29760,myntradataset\images\29760.jpg,29760.jpg
29780,myntradataset\images\29780.jpg,29780.jpg
29796,myntradataset\images\29796.jpg,29796.jpg
29808,myntradataset\images\29808.jpg,29808.jpg
29826,myntradataset\images\29826.jpg,29826.jpg
29852,myntradataset\images\29852.jpg,29852.jpg
29894,myntradataset\images\29894.jpg,29894.jpg
29920,myntradataset\images\29920.jpg,29920.jpg
29930,myntradataset\images\29930.jpg,29930.jpg
30079,myntradataset\images\30079.jpg,30079.jpg
30143,myntradataset\images\30143.jpg,30143.jpg
30162,myntradataset\images\30162.jpg,30162.jpg
30200,myntradataset\images\30200.jpg,30200.jpg
30204,myntradataset\images\30204.jpg,30204.jpg
30235,myntradataset\images\30235.jpg,30235.jpg
30248,myntradataset\images\30248.jpg,30248.jpg
30259,myntradataset\images\30259.jpg,30259.jpg
30274,myntradataset\images\30274.jpg,30274.jpg
30346,myntradataset\images\30346.jpg,30346.jpg
30459,myntradataset\images\30459.jpg,30459.jpg
30465,myntradataset\images\30465.jpg,30465.jpg
30473,myntradataset\images\30473.jpg,30473.jpg
30483,myntradataset\images\30483.jpg,30483.jpg
30533,myntradataset\images\30533.jpg,30533.jpg
30544,myntradataset\images\30544.jpg,30544.jpg
30574,myntradataset\images\30574.jpg,30574.jpg
30589,myntradataset\images\30589.jpg,30589.jpg
30603,myntradataset\images\30603.jpg,30603.jpg
30716,myntradataset\images\30716.jpg,30716.jpg
30728,myntradataset\images\30728.jpg,30728.jpg
30740,myntradataset\images\30740.jpg,30740.jpg
30756,myntradataset\images\30756.jpg,30756.jpg
30757,myntradataset\images\30757.jpg,30757.jpg
30763,myntradataset\images\30763.jpg,30763.jpg
30815,myntradataset\images\30815.jpg,30815.jpg
30954,myntradataset\images\30954.jpg,30954.jpg
31020,myntradataset\images\31020.jpg,31020.jpg
31024,myntradataset\images\31024.jpg,31024.jpg
31035,myntradataset\images\31035.jpg,31035.jpg
31064,myntradataset\images\31064.jpg,31064.jpg
31161,myntradataset\images\31161.jpg,31161.jpg
31180,myntradataset\images\31180.jpg,31180.jpg
31200,myntradataset\images\31200.jpg,31200.jpg
31202,myntradataset\images\31202.jpg,31202.jpg
3121,myntradataset\images\3121.jpg,3121.jpg
31316,myntradataset\images\31316.jpg,31316.jpg
31321,myntradataset\images\31321.jpg,31321.jpg
31327,myntradataset\images\31327.jpg,31327.jpg
3139,myntradataset\images\3139.jpg,3139.jpg
31429,myntradataset\images\31429.jpg,31429.jpg
31452,myntradataset\images\31452.jpg,31452.jpg
31453,myntradataset\images\31453.jpg,31453.jpg
31583,myntradataset\images\31583.jpg,31583.jpg
31590,myntradataset\images\31590.jpg,31590.jpg
31634,myntradataset\images\31634.jpg,31634.jpg
31635,myntradataset\images\31635.jpg,31635.jpg
31644,myntradataset\images\31644.jpg,31644.jpg
31732,myntradataset\images\31732.jpg,31732.jpg
31788,myntradataset\images\31788.jpg,31788.jpg
31813,myntradataset\images\31813.jpg,31813.jpg
31831,myntradataset\images\31831.jpg,31831.jpg
31843,myntradataset\images\31843.jpg,31843.jpg
31922,myntradataset\images\31922.jpg,31922.jpg
31967,myntradataset\images\31967.jpg,31967.jpg
31974,myntradataset\images\31974.jpg,31974.jpg
31980,myntradataset\images\31980.jpg,31980.jpg
31997,myntradataset\images\31997.jpg,31997.jpg
32043,myntradataset\images\32043.jpg,32043.jpg
32157,myntradataset\images\32157.jpg,32157.jpg
3216,myntradataset\images\3216.jpg,3216.jpg
32160,myntradataset\images\32160.jpg,32160.jpg
32161,myntradataset\images\32161.jpg,32161.jpg
32163,myntradataset\images\32163.jpg,32163.jpg
32171,myntradataset\images\32171.jpg,32171.jpg
32183,myntradataset\images\32183.jpg,32183.jpg
32189,myntradataset\images\32189.jpg,32189.jpg
3221,myntradataset\images\3221.jpg,3221.jpg
32211,myntradataset\images\32211.jpg,32211.jpg
32224,myntradataset\images\32224.jpg,32224.jpg
32232,myntradataset\images\32232.jpg,32232.jpg
32278,myntradataset\images\32278.jpg,32278.jpg
32287,myntradataset\images\32287.jpg,32287.jpg
32313,myntradataset\images\32313.jpg,32313.jpg
32347,myntradataset\images\32347.jpg,32347.jpg
32368,myntradataset\images\32368.jpg,32368.jpg
32427,myntradataset\images\32427.jpg,32427.jpg
32432,myntradataset\images\32432.jpg,32432.jpg
32458,myntradataset\images\32458.jpg,32458.jpg
32464,myntradataset\images\32464.jpg,32464.jpg
32485,myntradataset\images\32485.jpg,32485.jpg
32490,myntradataset\images\32490.jpg,32490.jpg
32510,myntradataset\images\32510.jpg,32510.jpg
32522,myntradataset\images\32522.jpg,32522.jpg
32523,myntradataset\images\32523.jpg,32523.jpg
32526,myntradataset\images\32526.jpg,32526.jpg
32530,myntradataset\images\32530.jpg,32530.jpg
3255,myntradataset\images\3255.jpg,3255.jpg
32558,myntradataset\images\32558.jpg,32558.jpg
32562,myntradataset\images\32562.jpg,32562.jpg
32565,myntradataset\images\32565.jpg,32565.jpg
32573,myntradataset\images\32573.jpg,32573.jpg
32574,myntradataset\images\32574.jpg,32574.jpg
32581,myntradataset\images\32581.jpg,32581.jpg
32591,myntradataset\images\32591.jpg,32591.jpg
3261,myntradataset\images\3261.jpg,3261.jpg
32641,myntradataset\images\32641.jpg,32641.jpg
32649,myntradataset\images\32649.jpg,32649.jpg
3267,myntradataset\images\3267.jpg,3267.jpg
32814,myntradataset\images\32814.jpg,32814.jpg
32851,myntradataset\images\32851.jpg,32851.jpg
32855,myntradataset\images\32855.jpg,32855.jpg
32940,myntradataset\images\32940.jpg,32940.jpg
32963,myntradataset\images\32963.jpg,32963.jpg
33021,myntradataset\images\33021.jpg,33021.jpg
33065,myntradataset\images\33065.jpg,33065.jpg
33085,myntradataset\images\33085.jpg,33085.jpg
33112,myntradataset\images\33112.jpg,33112.jpg
33121,myntradataset\images\33121.jpg,33121.jpg
33138,myntradataset\images\33138.jpg,33138.jpg
33166,myntradataset\images\33166.jpg,33166.jpg
33198,myntradataset\images\33198.jpg,33198.jpg
33219,myntradataset\images\33219.jpg,33219.jpg
33255,myntradataset\images\33255.jpg,33255.jpg
33315,myntradataset\images\33315.jpg,33315.jpg
33356,myntradataset\images\33356.jpg,33356.jpg
33360,myntradataset\images\33360.jpg,33360.jpg
33392,myntradataset\images\33392.jpg,33392.jpg
33407,myntradataset\images\33407.jpg,33407.jpg
33421,myntradataset\images\33421.jpg,33421.jpg
33440,myntradataset\images\33440.jpg,33440.jpg
3347,myntradataset\images\3347.jpg,3347.jpg
33498,myntradataset\images\33498.jpg,33498.jpg
33507,myntradataset\images\33507.jpg,33507.jpg
3351,myntradataset\images\3351.jpg,3351.jpg
33514,myntradataset\images\33514.jpg,33514.jpg
3352,myntradataset\images\3352.jpg,3352.jpg
33523,myntradataset\images\33523.jpg,33523.jpg
33534,myntradataset\images\33534.jpg,33534.jpg
33539,myntradataset\images\33539.jpg,33539.jpg
33628,myntradataset\images\33628.jpg,33628.jpg
33630,myntradataset\images\33630.jpg,33630.jpg
33633,myntradataset\images\33633.jpg,33633.jpg
3364,myntradataset\images\3364.jpg,3364.jpg
33713,myntradataset\images\33713.jpg,33713.jpg
33774,myntradataset\images\33774.jpg,33774.jpg
33855,myntradataset\images\33855.jpg,33855.jpg
33861,myntradataset\images\33861.jpg,33861.jpg
33865,myntradataset\images\33865.jpg,33865.jpg
33878,myntradataset\images\33878.jpg,33878.jpg
33885,myntradataset\images\33885.jpg,33885.jpg
33901,myntradataset\images\33901.jpg,33901.jpg
33932,myntradataset\images\33932.jpg,33932.jpg
3397,myntradataset\images\3397.jpg,3397.jpg
33982,myntradataset\images\33982.jpg,33982.jpg
33983,myntradataset\images\33983.jpg,33983.jpg
3400,myntradataset\images\3400.jpg,3400.jpg
34016,myntradataset\images\34016.jpg,34016.jpg
34028,myntradataset\images\34028.jpg,34028.jpg
34050,myntradataset\images\34050.jpg,34050.jpg
34059,myntradataset\images\34059.jpg,34059.jpg
34119,myntradataset\images\34119.jpg,34119.jpg
34251,myntradataset\images\34251.jpg,34251.jpg
34274,myntradataset\images\34274.jpg,34274.jpg
34282,myntradataset\images\34282.jpg,34282.jpg
34300,myntradataset\images\34300.jpg,34300.jpg
34363,myntradataset\images\34363.jpg,34363.jpg
34448,myntradataset\images\34448.jpg,34448.jpg
34450,myntradataset\images\34450.jpg,34450.jpg
34494,myntradataset\images\34494.jpg,34494.jpg
34519,myntradataset\images\34519.jpg,34519.jpg
34524,myntradataset\images\34524.jpg,34524.jpg
34559,myntradataset\images\34559.jpg,34559.jpg
34575,myntradataset\images\34575.jpg,34575.jpg
34577,myntradataset\images\34577.jpg,34577.jpg
34598,myntradataset\images\34598.jpg,34598.jpg
34608,myntradataset\images\34608.jpg,34608.jpg
34617,myntradataset\images\34617.jpg,34617.jpg
34647,myntradataset\images\34647.jpg,34647.jpg
34651,myntradataset\images\34651.jpg,34651.jpg
34757,myntradataset\images\34757.jpg,34757.jpg
34773,myntradataset\images\34773.jpg,34773.jpg
34834,myntradataset\images\34834.jpg,34834.jpg
34849,myntradataset\images\34849.jpg,34849.jpg
34885,myntradataset\images\34885.jpg,34885.jpg
34903,myntradataset\images\34903.jpg,34903.jpg
34904,myntradataset\images\34904.jpg,34904.jpg
34970,myntradataset\images\34970.jpg,34970.jpg
34971,myntradataset\images\34971.jpg,34971.jpg
34987,myntradataset\images\34987.jpg,34987.jpg
35004,myntradataset\images\35004.jpg,35004.jpg
35010,myntradataset\images\35010.jpg,35010.jpg
35016,myntradataset\images\35016.jpg,35016.jpg
35027,myntradataset\images\35027.jpg,35027.jpg
35056,myntradataset\images\35056.jpg,35056.jpg
35097,myntradataset\images\35097.jpg,35097.jpg
35106,myntradataset\images\35106.jpg,35106.jpg
35120,myntradataset\images\35120.jpg,35120.jpg
35127,myntradataset\images\35127.jpg,35127.jpg
35179,myntradataset\images\35179.jpg,35179.jpg
35216,myntradataset\images\35216.jpg,35216.jpg
35314,myntradataset\images\35314.jpg,35314.jpg
35316,myntradataset\images\35316.jpg,35316.jpg
35337,myntradataset\images\35337.jpg,35337.jpg
35384,myntradataset\images\35384.jpg,35384.jpg
35411,myntradataset\images\35411.jpg,35411.jpg
35420,myntradataset\images\35420.jpg,35420.jpg
35438,myntradataset\images\35438.jpg,35438.jpg
35440,myntradataset\images\35440.jpg,35440.jpg
35447,myntradataset\images\35447.jpg,35447.jpg
35450,myntradataset\images\35450.jpg,35450.jpg
35465,myntradataset\images\35465.jpg,35465.jpg
35470,myntradataset\images\35470.jpg,35470.jpg
35483,myntradataset\images\35483.jpg,35483.jpg
3550,myntradataset\images\3550.jpg,3550.jpg
35501,myntradataset\images\35501.jpg,35501.jpg
35533,myntradataset\images\35533.jpg,35533.jpg
35541,myntradataset\images\35541.jpg,35541.jpg
3556,myntradataset\images\3556.jpg,3556.jpg
35660,myntradataset\images\35660.jpg,35660.jpg
35706,myntradataset\images\35706.jpg,35706.jpg
3571,myntradataset\images\3571.jpg,3571.jpg
3577,myntradataset\images\3577.jpg,3577.jpg
35800,myntradataset\images\35800.jpg,35800.jpg
3586,myntradataset\images\3586.jpg,3586.jpg
35899,myntradataset\images\35899.jpg,35899.jpg
35900,myntradataset\images\35900.jpg,35900.jpg
3592,myntradataset\images\3592.jpg,3592.jpg
3593,myntradataset\images\3593.jpg,3593.jpg
35993,myntradataset\images\35993.jpg,35993.jpg
35994,myntradataset\images\35994.jpg,35994.jpg
36000,myntradataset\images\36000.jpg,36000.jpg
36026,myntradataset\images\36026.jpg,36026.jpg
3607,myntradataset\images\3607.jpg,3607.jpg
36212,myntradataset\images\36212.jpg,36212.jpg
36283,myntradataset\images\36283.jpg,36283.jpg
3634,myntradataset\images\3634.jpg,3634.jpg
36349,myntradataset\images\36349.jpg,36349.jpg
36398,myntradataset\images\36398.jpg,36398.jpg
36444,myntradataset\images\36444.jpg,36444.jpg
3655,myntradataset\images\3655.jpg,3655.jpg
36563,myntradataset\images\36563.jpg,36563.jpg
36581,myntradataset\images\36581.jpg,36581.jpg
36735,myntradataset\images\36735.jpg,36735.jpg
36765,myntradataset\images\36765.jpg,36765.jpg
36787,myntradataset\images\36787.jpg,36787.jpg
3685,myntradataset\images\3685.jpg,3685.jpg
36933,myntradataset\images\36933.jpg,36933.jpg
36979,myntradataset\images\36979.jpg,36979.jpg
37066,myntradataset\images\37066.jpg,37066.jpg
37074,myntradataset\images\37074.jpg,37074.jpg
37142,myntradataset\images\37142.jpg,37142.jpg
37158,myntradataset\images\37158.jpg,37158.jpg
37172,myntradataset\images\37172.jpg,37172.jpg
37201,myntradataset\images\37201.jpg,37201.jpg
37207,myntradataset\images\37207.jpg,37207.jpg
3721,myntradataset\images\3721.jpg,3721.jpg
3730,myntradataset\images\3730.jpg,3730.jpg
37307,myntradataset\images\37307.jpg,37307.jpg
37312,myntradataset\images\37312.jpg,37312.jpg
37321,myntradataset\images\37321.jpg,37321.jpg
37322,myntradataset\images\37322.jpg,37322.jpg
3738,myntradataset\images\3738.jpg,3738.jpg
37421,myntradataset\images\37421.jpg,37421.jpg
37435,myntradataset\images\37435.jpg,37435.jpg
37447,myntradataset\images\37447.jpg,37447.jpg
37480,myntradataset\images\37480.jpg,37480.jpg
37494,myntradataset\images\37494.jpg,37494.jpg
37512,myntradataset\images\37512.jpg,37512.jpg
37525,myntradataset\images\37525.jpg,37525.jpg
37526,myntradataset\images\37526.jpg,37526.jpg
37544,myntradataset\images\37544.jpg,37544.jpg
37551,myntradataset\images\37551.jpg,37551.jpg
37578,myntradataset\images\37578.jpg,37578.jpg
37599,myntradataset\images\37599.jpg,37599.jpg
37601,myntradataset\images\37601.jpg,37601.jpg
37626,myntradataset\images\37626.jpg,37626.jpg
37636,myntradataset\images\37636.jpg,37636.jpg
37654,myntradataset\images\37654.jpg,37654.jpg
37700,myntradataset\images\37700.jpg,37700.jpg
37760,myntradataset\images\37760.jpg,37760.jpg
37866,myntradataset\images\37866.jpg,37866.jpg
37877,myntradataset\images\37877.jpg,37877.jpg
37885,myntradataset\images\37885.jpg,37885.jpg
37888,myntradataset\images\37888.jpg,37888.jpg
37959,myntradataset\images\37959.jpg,37959.jpg
37964,myntradataset\images\37964.jpg,37964.jpg
38004,myntradataset\images\38004.jpg,38004.jpg
38016,myntradataset\images\38016.jpg,38016.jpg
38024,myntradataset\images\38024.jpg,38024.jpg
38045,myntradataset\images\38045.jpg,38045.jpg
38054,myntradataset\images\38054.jpg,38054.jpg
38133,myntradataset\images\38133.jpg,38133.jpg
38138,myntradataset\images\38138.jpg,38138.jpg
38144,myntradataset\images\38144.jpg,38144.jpg
38158,myntradataset\images\38158.jpg,38158.jpg
38193,myntradataset\images\38193.jpg,38193.jpg
38197,myntradataset\images\38197.jpg,38197.jpg
38208,myntradataset\images\38208.jpg,38208.jpg
38214,myntradataset\images\38214.jpg,38214.jpg
38218,myntradataset\images\38218.jpg,38218.jpg
38219,myntradataset\images\38219.jpg,38219.jpg
38236,myntradataset\images\38236.jpg,38236.jpg
3829,myntradataset\images\3829.jpg,3829.jpg
38308,myntradataset\images\38308.jpg,38308.jpg
38312,myntradataset\images\38312.jpg,38312.jpg
38324,myntradataset\images\38324.jpg,38324.jpg
38332,myntradataset\images\38332.jpg,38332.jpg
38360,myntradataset\images\38360.jpg,38360.jpg
38363,myntradataset\images\38363.jpg,38363.jpg
38365,myntradataset\images\38365.jpg,38365.jpg
38402,myntradataset\images\38402.jpg,38402.jpg
38421,myntradataset\images\38421.jpg,38421.jpg
38426,myntradataset\images\38426.jpg,38426.jpg
38429,myntradataset\images\38429.jpg,38429.jpg
38430,myntradataset\images\38430.jpg,38430.jpg
38494,myntradataset\images\38494.jpg,38494.jpg
38543,myntradataset\images\38543.jpg,38543.jpg
38596,myntradataset\images\38596.jpg,38596.jpg
38601,myntradataset\images\38601.jpg,38601.jpg
38634,myntradataset\images\38634.jpg,38634.jpg
38635,myntradataset\images\38635.jpg,38635.jpg
38641,myntradataset\images\38641.jpg,38641.jpg
38653,myntradataset\images\38653.jpg,38653.jpg
38657,myntradataset\images\38657.jpg,38657.jpg
3867,myntradataset\images\3867.jpg,3867.jpg
38691,myntradataset\images\38691.jpg,38691.jpg
38745,myntradataset\images\38745.jpg,38745.jpg
3875,myntradataset\images\3875.jpg,3875.jpg
3876,myntradataset\images\3876.jpg,3876.jpg
38769,myntradataset\images\38769.jpg,38769.jpg
3879,myntradataset\images\3879.jpg,3879.jpg
38958,myntradataset\images\38958.jpg,38958.jpg
39057,myntradataset\images\39057.jpg,39057.jpg
39062,myntradataset\images\39062.jpg,39062.jpg
39064,myntradataset\images\39064.jpg,39064.jpg
3914,myntradataset\images\3914.jpg,3914.jpg
39143,myntradataset\images\39143.jpg,39143.jpg
39171,myntradataset\images\39171.jpg,39171.jpg
39190,myntradataset\images\39190.jpg,39190.jpg
39213,myntradataset\images\39213.jpg,39213.jpg
39233,myntradataset\images\39233.jpg,39233.jpg
39278,myntradataset\images\39278.jpg,39278.jpg
39306,myntradataset\images\39306.jpg,39306.jpg
39326,myntradataset\images\39326.jpg,39326.jpg
3933,myntradataset\images\3933.jpg,3933.jpg
39363,myntradataset\images\39363.jpg,39363.jpg
39424,myntradataset\images\39424.jpg,39424.jpg
39453,myntradataset\images\39453.jpg,39453.jpg
39468,myntradataset\images\39468.jpg,39468.jpg
39510,myntradataset\images\39510.jpg,39510.jpg
39523,myntradataset\images\39523.jpg,39523.jpg
39526,myntradataset\images\39526.jpg,39526.jpg
39545,myntradataset\images\39545.jpg,39545.jpg
39569,myntradataset\images\39569.jpg,39569.jpg
39582,myntradataset\images\39582.jpg,39582.jpg
39603,myntradataset\images\39603.jpg,39603.jpg
39642,myntradataset\images\39642.jpg,39642.jpg
39653,myntradataset\images\39653.jpg,39653.jpg
39654,myntradataset\images\39654.jpg,39654.jpg
39662,myntradataset\images\39662.jpg,39662.jpg
39666,myntradataset\images\39666.jpg,39666.jpg
39671,myntradataset\images\39671.jpg,39671.jpg
39678,myntradataset\images\39678.jpg,39678.jpg
39742,myntradataset\images\39742.jpg,39742.jpg
39771,myntradataset\images\39771.jpg,39771.jpg
39815,myntradataset\images\39815.jpg,39815.jpg
39882,myntradataset\images\39882.jpg,39882.jpg
39914,myntradataset\images\39914.jpg,39914.jpg
39954,myntradataset\images\39954.jpg,39954.jpg
39974,myntradataset\images\39974.jpg,39974.jpg
39993,myntradataset\images\39993.jpg,39993.jpg
40001,myntradataset\images\40001.jpg,40001.jpg
40010,myntradataset\images\40010.jpg,40010.jpg
40057,myntradataset\images\40057.jpg,40057.jpg
40064,myntradataset\images\40064.jpg,40064.jpg
40068,myntradataset\images\40068.jpg,40068.jpg
40108,myntradataset\images\40108.jpg,40108.jpg
40135,myntradataset\images\40135.jpg,40135.jpg
40142,myntradataset\images\40142.jpg,40142.jpg
40162,myntradataset\images\40162.jpg,40162.jpg
40184,myntradataset\images\40184.jpg,40184.jpg
40203,myntradataset\images\40203.jpg,40203.jpg
40254,myntradataset\images\40254.jpg,40254.jpg
40316,myntradataset\images\40316.jpg,40316.jpg
4039,myntradataset\images\4039.jpg,4039.jpg
40406,myntradataset\images\40406.jpg,40406.jpg
40426,myntradataset\images\40426.jpg,40426.jpg
40431,myntradataset\images\40431.jpg,40431.jpg
40434,myntradataset\images\40434.jpg,40434.jpg
4045,myntradataset\images\4045.jpg,4045.jpg
40450,myntradataset\images\40450.jpg,40450.jpg
40453,myntradataset\images\40453.jpg,40453.jpg
40481,myntradataset\images\40481.jpg,40481.jpg
40532,myntradataset\images\40532.jpg,40532.jpg
40533,myntradataset\images\40533.jpg,40533.jpg
4054,myntradataset\images\4054.jpg,4054.jpg
40546,myntradataset\images\40546.jpg,40546.jpg
4060,myntradataset\images\4060.jpg,4060.jpg
40659,myntradataset\images\40659.jpg,40659.jpg
40791,myntradataset\images\40791.jpg,40791.jpg
4090,myntradataset\images\4090.jpg,4090.jpg
40929,myntradataset\images\40929.jpg,40929.jpg
40945,myntradataset\images\40945.jpg,40945.jpg
40947,myntradataset\images\40947.jpg,40947.jpg
4096,myntradataset\images\4096.jpg,4096.jpg
40999,myntradataset\images\40999.jpg,40999.jpg
41047,myntradataset\images\41047.jpg,41047.jpg
4114,myntradataset\images\4114.jpg,4114.jpg
41194,myntradataset\images\41194.jpg,41194.jpg
41251,myntradataset\images\41251.jpg,41251.jpg
41266,myntradataset\images\41266.jpg,41266.jpg
41309,myntradataset\images\41309.jpg,41309.jpg
41347,myntradataset\images\41347.jpg,41347.jpg
41348,myntradataset\images\41348.jpg,41348.jpg
41401,myntradataset\images\41401.jpg,41401.jpg
41511,myntradataset\images\41511.jpg,41511.jpg
4157,myntradataset\images\4157.jpg,4157.jpg
41594,myntradataset\images\41594.jpg,41594.jpg
41602,myntradataset\images\41602.jpg,41602.jpg
41665,myntradataset\images\41665.jpg,41665.jpg
41703,myntradataset\images\41703.jpg,41703.jpg
41743,myntradataset\images\41743.jpg,41743.jpg
41760,myntradataset\images\41760.jpg,41760.jpg
41779,myntradataset\images\41779.jpg,41779.jpg
41782,myntradataset\images\41782.jpg,41782.jpg
41828,myntradataset\images\41828.jpg,41828.jpg
41842,myntradataset\images\41842.jpg,41842.jpg
41844,myntradataset\images\41844.jpg,41844.jpg
41870,myntradataset\images\41870.jpg,41870.jpg
41871,myntradataset\images\41871.jpg,41871.jpg
41872,myntradataset\images\41872.jpg,41872.jpg
4194,myntradataset\images\4194.jpg,4194.jpg
41979,myntradataset\images\41979.jpg,41979.jpg
42004,myntradataset\images\42004.jpg,42004.jpg
4202,myntradataset\images\4202.jpg,4202.jpg
42029,myntradataset\images\42029.jpg,42029.jpg
42066,myntradataset\images\42066.jpg,42066.jpg
42080,myntradataset\images\42080.jpg,42080.jpg
42105,myntradataset\images\42105.jpg,42105.jpg
42145,myntradataset\images\42145.jpg,42145.jpg
42153,myntradataset\images\42153.jpg,42153.jpg
42225,myntradataset\images\42225.jpg,42225.jpg
42234,myntradataset\images\42234.jpg,42234.jpg
42261,myntradataset\images\42261.jpg,42261.jpg
4237,myntradataset\images\4237.jpg,4237.jpg
42402,myntradataset\images\42402.jpg,42402.jpg
42413,myntradataset\images\42413.jpg,42413.jpg
4260,myntradataset\images\4260.jpg,4260.jpg
42616,myntradataset\images\42616.jpg,42616.jpg
42626,myntradataset\images\42626.jpg,42626.jpg
42822,myntradataset\images\42822.jpg,42822.jpg
42826,myntradataset\images\42826.jpg,42826.jpg
42828,myntradataset\images\42828.jpg,42828.jpg
42857,myntradataset\images\42857.jpg,42857.jpg
42879,myntradataset\images\42879.jpg,42879.jpg
42886,myntradataset\images\42886.jpg,42886.jpg
42890,myntradataset\images\42890.jpg,42890.jpg
42895,myntradataset\images\42895.jpg,42895.jpg
42938,myntradataset\images\42938.jpg,42938.jpg
42945,myntradataset\images\42945.jpg,42945.jpg
42951,myntradataset\images\42951.jpg,42951.jpg
42969,myntradataset\images\42969.jpg,42969.jpg
43072,myntradataset\images\43072.jpg,43072.jpg
43074,myntradataset\images\43074.jpg,43074.jpg
43113,myntradataset\images\43113.jpg,43113.jpg
4312,myntradataset\images\4312.jpg,4312.jpg
43131,myntradataset\images\43131.jpg,43131.jpg
43135,myntradataset\images\43135.jpg,43135.jpg
43152,myntradataset\images\43152.jpg,43152.jpg
4316,myntradataset\images\4316.jpg,4316.jpg
4317,myntradataset\images\4317.jpg,4317.jpg
4337,myntradataset\images\4337.jpg,4337.jpg
43389,myntradataset\images\43389.jpg,43389.jpg
4342,myntradataset\images\4342.jpg,4342.jpg
43501,myntradataset\images\43501.jpg,43501.jpg
43577,myntradataset\images\43577.jpg,43577.jpg
43619,myntradataset\images\43619.jpg,43619.jpg
43673,myntradataset\images\43673.jpg,43673.jpg
43681,myntradataset\images\43681.jpg,43681.jpg
43682,myntradataset\images\43682.jpg,43682.jpg
43699,myntradataset\images\43699.jpg,43699.jpg
43700,myntradataset\images\43700.jpg,43700.jpg
43760,myntradataset\images\43760.jpg,43760.jpg
43769,myntradataset\images\43769.jpg,43769.jpg
43791,myntradataset\images\43791.jpg,43791.jpg
43812,myntradataset\images\43812.jpg,43812.jpg
43937,myntradataset\images\43937.jpg,43937.jpg
43993,myntradataset\images\43993.jpg,43993.jpg
43996,myntradataset\images\43996.jpg,43996.jpg
44008,myntradataset\images\44008.jpg,44008.jpg
44095,myntradataset\images\44095.jpg,44095.jpg
44154,myntradataset\images\44154.jpg,44154.jpg
44173,myntradataset\images\44173.jpg,44173.jpg
4418,myntradataset\images\4418.jpg,4418.jpg
44180,myntradataset\images\44180.jpg,44180.jpg
44196,myntradataset\images\44196.jpg,44196.jpg
44197,myntradataset\images\44197.jpg,44197.jpg
44199,myntradataset\images\44199.jpg,44199.jpg
4422,myntradataset\images\4422.jpg,4422.jpg
44230,myntradataset\images\44230.jpg,44230.jpg
44244,myntradataset\images\44244.jpg,44244.jpg
44284,myntradataset\images\44284.jpg,44284.jpg
44313,myntradataset\images\44313.jpg,44313.jpg
44341,myntradataset\images\44341.jpg,44341.jpg
44382,myntradataset\images\44382.jpg,44382.jpg
44402,myntradataset\images\44402.jpg,44402.jpg
44429,myntradataset\images\44429.jpg,44429.jpg
44444,myntradataset\images\44444.jpg,44444.jpg
44460,myntradataset\images\44460.jpg,44460.jpg
44530,myntradataset\images\44530.jpg,44530.jpg
44591,myntradataset\images\44591.jpg,44591.jpg
44608,myntradataset\images\44608.jpg,44608.jpg
44610,myntradataset\images\44610.jpg,44610.jpg
44661,myntradataset\images\44661.jpg,44661.jpg
44723,myntradataset\images\44723.jpg,44723.jpg
44755,myntradataset\images\44755.jpg,44755.jpg
44756,myntradataset\images\44756.jpg,44756.jpg
44758,myntradataset\images\44758.jpg,44758.jpg
44762,myntradataset\images\44762.jpg,44762.jpg
44776,myntradataset\images\44776.jpg,44776.jpg
4480,myntradataset\images\4480.jpg,4480.jpg
44803,myntradataset\images\44803.jpg,44803.jpg
44832,myntradataset\images\44832.jpg,44832.jpg
44850,myntradataset\images\44850.jpg,44850.jpg
44903,myntradataset\images\44903.jpg,44903.jpg
44916,myntradataset\images\44916.jpg,44916.jpg
44948,myntradataset\images\44948.jpg,44948.jpg
45002,myntradataset\images\45002.jpg,45002.jpg
45006,myntradataset\images\45006.jpg,45006.jpg
4501,myntradataset\images\4501.jpg,4501.jpg
45115,myntradataset\images\45115.jpg,45115.jpg
45151,myntradataset\images\45151.jpg,45151.jpg
45163,myntradataset\images\45163.jpg,45163.jpg
45186,myntradataset\images\45186.jpg,45186.jpg
45200,myntradataset\images\45200.jpg,45200.jpg
45220,myntradataset\images\45220.jpg,45220.jpg
45256,myntradataset\images\45256.jpg,45256.jpg
45257,myntradataset\images\45257.jpg,45257.jpg
45259,myntradataset\images\45259.jpg,45259.jpg
45301,myntradataset\images\45301.jpg,45301.jpg
45322,myntradataset\images\45322.jpg,45322.jpg
45324,myntradataset\images\45324.jpg,45324.jpg
45376,myntradataset\images\45376.jpg,45376.jpg
45398,myntradataset\images\45398.jpg,45398.jpg
45416,myntradataset\images\45416.jpg,45416.jpg
45441,myntradataset\images\45441.jpg,45441.jpg
4551,myntradataset\images\4551.jpg,4551.jpg
45628,myntradataset\images\45628.jpg,45628.jpg
45662,myntradataset\images\45662.jpg,45662.jpg
45673,myntradataset\images\45673.jpg,45673.jpg
4572,myntradataset\images\4572.jpg,4572.jpg
4576,myntradataset\images\4576.jpg,4576.jpg
45766,myntradataset\images\45766.jpg,45766.jpg
45874,myntradataset\images\45874.jpg,45874.jpg
45883,myntradataset\images\45883.jpg,45883.jpg
45900,myntradataset\images\45900.jpg,45900.jpg
45918,myntradataset\images\45918.jpg,45918.jpg
45926,myntradataset\images\45926.jpg,45926.jpg
45935,myntradataset\images\45935.jpg,45935.jpg
45962,myntradataset\images\45962.jpg,45962.jpg
45986,myntradataset\images\45986.jpg,45986.jpg
4600,myntradataset\images\4600.jpg,4600.jpg
4601,myntradataset\images\4601.jpg,4601.jpg
46039,myntradataset\images\46039.jpg,46039.jpg
46074,myntradataset\images\46074.jpg,46074.jpg
46095,myntradataset\images\46095.jpg,46095.jpg
46130,myntradataset\images\46130.jpg,46130.jpg
46167,myntradataset\images\46167.jpg,46167.jpg
46192,myntradataset\images\46192.jpg,46192.jpg
46198,myntradataset\images\46198.jpg,46198.jpg
46274,myntradataset\images\46274.jpg,46274.jpg
46310,myntradataset\images\46310.jpg,46310.jpg
46312,myntradataset\images\46312.jpg,46312.jpg
46324,myntradataset\images\46324.jpg,46324.jpg
46385,myntradataset\images\46385.jpg,46385.jpg
46390,myntradataset\images\46390.jpg,46390.jpg
46405,myntradataset\images\46405.jpg,46405.jpg
4643,myntradataset\images\4643.jpg,4643.jpg
46441,myntradataset\images\46441.jpg,46441.jpg
46448,myntradataset\images\46448.jpg,46448.jpg
46467,myntradataset\images\46467.jpg,46467.jpg
46471,myntradataset\images\46471.jpg,46471.jpg
46495,myntradataset\images\46495.jpg,46495.jpg
46507,myntradataset\images\46507.jpg,46507.jpg
46525,myntradataset\images\46525.jpg,46525.jpg
46543,myntradataset\images\46543.jpg,46543.jpg
46554,myntradataset\images\46554.jpg,46554.jpg
46583,myntradataset\images\46583.jpg,46583.jpg
46604,myntradataset\images\46604.jpg,46604.jpg
46611,myntradataset\images\46611.jpg,46611.jpg
46634,myntradataset\images\46634.jpg,46634.jpg
46636,myntradataset\images\46636.jpg,46636.jpg
46662,myntradataset\images\46662.jpg,46662.jpg
46666,myntradataset\images\46666.jpg,46666.jpg
46671,myntradataset\images\46671.jpg,46671.jpg
46699,myntradataset\images\46699.jpg,46699.jpg
46700,myntradataset\images\46700.jpg,46700.jpg
46764,myntradataset\images\46764.jpg,46764.jpg
46767,myntradataset\images\46767.jpg,46767.jpg
46795,myntradataset\images\46795.jpg,46795.jpg
4685,myntradataset\images\4685.jpg,4685.jpg
4686,myntradataset\images\4686.jpg,4686.jpg
46866,myntradataset\images\46866.jpg,46866.jpg
46868,myntradataset\images\46868.jpg,46868.jpg
46876,myntradataset\images\46876.jpg,46876.jpg
46897,myntradataset\images\46897.jpg,46897.jpg
46929,myntradataset\images\46929.jpg,46929.jpg
46949,myntradataset\images\46949.jpg,46949.jpg
46996,myntradataset\images\46996.jpg,46996.jpg
47090,myntradataset\images\47090.jpg,47090.jpg
4711,myntradataset\images\4711.jpg,4711.jpg
47117,myntradataset\images\47117.jpg,47117.jpg
47160,myntradataset\images\47160.jpg,47160.jpg
47162,myntradataset\images\47162.jpg,47162.jpg
47168,myntradataset\images\47168.jpg,47168.jpg
47169,myntradataset\images\47169.jpg,47169.jpg
47208,myntradataset\images\47208.jpg,47208.jpg
47222,myntradataset\images\47222.jpg,47222.jpg
47268,myntradataset\images\47268.jpg,47268.jpg
47289,myntradataset\images\47289.jpg,47289.jpg
47294,myntradataset\images\47294.jpg,47294.jpg
47295,myntradataset\images\47295.jpg,47295.jpg
47356,myntradataset\images\47356.jpg,47356.jpg
47357,myntradataset\images\47357.jpg,47357.jpg
4736,myntradataset\images\4736.jpg,4736.jpg
47366,myntradataset\images\47366.jpg,47366.jpg
47380,myntradataset\images\47380.jpg,47380.jpg
47398,myntradataset\images\47398.jpg,47398.jpg
47423,myntradataset\images\47423.jpg,47423.jpg
47446,myntradataset\images\47446.jpg,47446.jpg
47453,myntradataset\images\47453.jpg,47453.jpg
47476,myntradataset\images\47476.jpg,47476.jpg
47495,myntradataset\images\47495.jpg,47495.jpg
47501,myntradataset\images\47501.jpg,47501.jpg
47540,myntradataset\images\47540.jpg,47540.jpg
47549,myntradataset\images\47549.jpg,47549.jpg
47550,myntradataset\images\47550.jpg,47550.jpg
47584,myntradataset\images\47584.jpg,47584.jpg
47591,myntradataset\images\47591.jpg,47591.jpg
47593,myntradataset\images\47593.jpg,47593.jpg
47598,myntradataset\images\47598.jpg,47598.jpg
47629,myntradataset\images\47629.jpg,47629.jpg
47650,myntradataset\images\47650.jpg,47650.jpg
47652,myntradataset\images\47652.jpg,47652.jpg
47674,myntradataset\images\47674.jpg,47674.jpg
47675,myntradataset\images\47675.jpg,47675.jpg
4784,myntradataset\images\4784.jpg,4784.jpg
48026,myntradataset\images\48026.jpg,48026.jpg
48039,myntradataset\images\48039.jpg,48039.jpg
48091,myntradataset\images\48091.jpg,48091.jpg
48128,myntradataset\images\48128.jpg,48128.jpg
4816,myntradataset\images\4816.jpg,4816.jpg
48168,myntradataset\images\48168.jpg,48168.jpg
4819,myntradataset\images\4819.jpg,4819.jpg
48196,myntradataset\images\48196.jpg,48196.jpg
48207,myntradataset\images\48207.jpg,48207.jpg
48210,myntradataset\images\48210.jpg,48210.jpg
48222,myntradataset\images\48222.jpg,48222.jpg
48227,myntradataset\images\48227.jpg,48227.jpg
48251,myntradataset\images\48251.jpg,48251.jpg
4826,myntradataset\images\4826.jpg,4826.jpg
4830,myntradataset\images\4830.jpg,4830.jpg
48380,myntradataset\images\48380.jpg,48380.jpg
48395,myntradataset\images\48395.jpg,48395.jpg
48399,myntradataset\images\48399.jpg,48399.jpg
48404,myntradataset\images\48404.jpg,48404.jpg
48423,myntradataset\images\48423.jpg,48423.jpg
48429,myntradataset\images\48429.jpg,48429.jpg
48445,myntradataset\images\48445.jpg,48445.jpg
48469,myntradataset\images\48469.jpg,48469.jpg
4847,myntradataset\images\4847.jpg,4847.jpg
48492,myntradataset\images\48492.jpg,48492.jpg
48503,myntradataset\images\48503.jpg,48503.jpg
48505,myntradataset\images\48505.jpg,48505.jpg
48521,myntradataset\images\48521.jpg,48521.jpg
4856,myntradataset\images\4856.jpg,4856.jpg
48560,myntradataset\images\48560.jpg,48560.jpg
48578,myntradataset\images\48578.jpg,48578.jpg
48594,myntradataset\images\48594.jpg,48594.jpg
48634,myntradataset\images\48634.jpg,48634.jpg
48644,myntradataset\images\48644.jpg,48644.jpg
48674,myntradataset\images\48674.jpg,48674.jpg
48743,myntradataset\images\48743.jpg,48743.jpg
48796,myntradataset\images\48796.jpg,48796.jpg
4883,myntradataset\images\4883.jpg,4883.jpg
48833,myntradataset\images\48833.jpg,48833.jpg
48836,myntradataset\images\48836.jpg,48836.jpg
48851,myntradataset\images\48851.jpg,48851.jpg
48869,myntradataset\images\48869.jpg,48869.jpg
4887,myntradataset\images\4887.jpg,4887.jpg
48931,myntradataset\images\48931.jpg,48931.jpg
48946,myntradataset\images\48946.jpg,48946.jpg
48965,myntradataset\images\48965.jpg,48965.jpg
48989,myntradataset\images\48989.jpg,48989.jpg
48992,myntradataset\images\48992.jpg,48992.jpg
49017,myntradataset\images\49017.jpg,49017.jpg
49018,myntradataset\images\49018.jpg,49018.jpg
4906,myntradataset\images\4906.jpg,4906.jpg
49100,myntradataset\images\49100.jpg,49100.jpg
49158,myntradataset\images\49158.jpg,49158.jpg
4925,myntradataset\images\4925.jpg,4925.jpg
49289,myntradataset\images\49289.jpg,49289.jpg
4930,myntradataset\images\4930.jpg,4930.jpg
49321,myntradataset\images\49321.jpg,49321.jpg
49324,myntradataset\images\49324.jpg,49324.jpg
49326,myntradataset\images\49326.jpg,49326.jpg
4935,myntradataset\images\4935.jpg,4935.jpg
49406,myntradataset\images\49406.jpg,49406.jpg
49475,myntradataset\images\49475.jpg,49475.jpg
49525,myntradataset\images\49525.jpg,49525.jpg
49577,myntradataset\images\49577.jpg,49577.jpg
49608,myntradataset\images\49608.jpg,49608.jpg
49661,myntradataset\images\49661.jpg,49661.jpg
49665,myntradataset\images\49665.jpg,49665.jpg
49669,myntradataset\images\49669.jpg,49669.jpg
49684,myntradataset\images\49684.jpg,49684.jpg
4970,myntradataset\images\4970.jpg,4970.jpg
49717,myntradataset\images\49717.jpg,49717.jpg
4975,myntradataset\images\4975.jpg,4975.jpg
49804,myntradataset\images\49804.jpg,49804.jpg
49818,myntradataset\images\49818.jpg,49818.jpg
49821,myntradataset\images\49821.jpg,49821.jpg
49829,myntradataset\images\49829.jpg,49829.jpg
49856,myntradataset\images\49856.jpg,49856.jpg
49862,myntradataset\images\49862.jpg,49862.jpg
49902,myntradataset\images\49902.jpg,49902.jpg
49919,myntradataset\images\49919.jpg,49919.jpg
49925,myntradataset\images\49925.jpg,49925.jpg
49949,myntradataset\images\49949.jpg,49949.jpg
50003,myntradataset\images\50003.jpg,50003.jpg
50016,myntradataset\images\50016.jpg,50016.jpg
5007,myntradataset\images\5007.jpg,5007.jpg
50151,myntradataset\images\50151.jpg,50151.jpg
50154,myntradataset\images\50154.jpg,50154.jpg
50173,myntradataset\images\50173.jpg,50173.jpg
5019,myntradataset\images\5019.jpg,5019.jpg
50208,myntradataset\images\50208.jpg,50208.jpg
5021,myntradataset\images\5021.jpg,5021.jpg
50210,myntradataset\images\50210.jpg,50210.jpg
50214,myntradataset\images\50214.jpg,50214.jpg
50216,myntradataset\images\50216.jpg,50216.jpg
50220,myntradataset\images\50220.jpg,50220.jpg
50221,myntradataset\images\50221.jpg,50221.jpg
50277,myntradataset\images\50277.jpg,50277.jpg
50310,myntradataset\images\50310.jpg,50310.jpg
50344,myntradataset\images\50344.jpg,50344.jpg
50385,myntradataset\images\50385.jpg,50385.jpg
50447,myntradataset\images\50447.jpg,50447.jpg
50455,myntradataset\images\50455.jpg,50455.jpg
50463,myntradataset\images\50463.jpg,50463.jpg
50497,myntradataset\images\50497.jpg,50497.jpg
50502,myntradataset\images\50502.jpg,50502.jpg
50505,myntradataset\images\50505.jpg,50505.jpg
50508,myntradataset\images\50508.jpg,50508.jpg
50518,myntradataset\images\50518.jpg,50518.jpg
50585,myntradataset\images\50585.jpg,50585.jpg
50603,myntradataset\images\50603.jpg,50603.jpg
50611,myntradataset\images\50611.jpg,50611.jpg
50633,myntradataset\images\50633.jpg,50633.jpg
50654,myntradataset\images\50654.jpg,50654.jpg
50666,myntradataset\images\50666.jpg,50666.jpg
50667,myntradataset\images\50667.jpg,50667.jpg
50684,myntradataset\images\50684.jpg,50684.jpg
50710,myntradataset\images\50710.jpg,50710.jpg
50715,myntradataset\images\50715.jpg,50715.jpg
50728,myntradataset\images\50728.jpg,50728.jpg
50730,myntradataset\images\50730.jpg,50730.jpg
50851,myntradataset\images\50851.jpg,50851.jpg
50869,myntradataset\images\50869.jpg,50869.jpg
50886,myntradataset\images\50886.jpg,50886.jpg
5093,myntradataset\images\5093.jpg,5093.jpg
50947,myntradataset\images\50947.jpg,50947.jpg
50948,myntradataset\images\50948.jpg,50948.jpg
50950,myntradataset\images\50950.jpg,50950.jpg
50968,myntradataset\images\50968.jpg,50968.jpg
51012,myntradataset\images\51012.jpg,51012.jpg
51049,myntradataset\images\51049.jpg,51049.jpg
51115,myntradataset\images\51115.jpg,51115.jpg
5117,myntradataset\images\5117.jpg,5117.jpg
51178,myntradataset\images\51178.jpg,51178.jpg
5124,myntradataset\images\5124.jpg,5124.jpg
51271,myntradataset\images\51271.jpg,51271.jpg
51329,myntradataset\images\51329.jpg,51329.jpg
51331,myntradataset\images\51331.jpg,51331.jpg
51336,myntradataset\images\51336.jpg,51336.jpg
51346,myntradataset\images\51346.jpg,51346.jpg
51410,myntradataset\images\51410.jpg,51410.jpg
51414,myntradataset\images\51414.jpg,51414.jpg
51422,myntradataset\images\51422.jpg,51422.jpg
5143,myntradataset\images\5143.jpg,5143.jpg
51452,myntradataset\images\51452.jpg,51452.jpg
51470,myntradataset\images\51470.jpg,51470.jpg
5150,myntradataset\images\5150.jpg,5150.jpg
51550,myntradataset\images\51550.jpg,51550.jpg
51558,myntradataset\images\51558.jpg,51558.jpg
5157,myntradataset\images\5157.jpg,5157.jpg
5162,myntradataset\images\5162.jpg,5162.jpg
51640,myntradataset\images\51640.jpg,51640.jpg
51645,myntradataset\images\51645.jpg,51645.jpg
51652,myntradataset\images\51652.jpg,51652.jpg
51799,myntradataset\images\51799.jpg,51799.jpg
51811,myntradataset\images\51811.jpg,51811.jpg
51846,myntradataset\images\51846.jpg,51846.jpg
51870,myntradataset\images\51870.jpg,51870.jpg
51906,myntradataset\images\51906.jpg,51906.jpg
51919,myntradataset\images\51919.jpg,51919.jpg
51924,myntradataset\images\51924.jpg,51924.jpg
5193,myntradataset\images\5193.jpg,5193.jpg
51988,myntradataset\images\51988.jpg,51988.jpg
5199,myntradataset\images\5199.jpg,5199.jpg
51999,myntradataset\images\51999.jpg,51999.jpg
52028,myntradataset\images\52028.jpg,52028.jpg
52067,myntradataset\images\52067.jpg,52067.jpg
52100,myntradataset\images\52100.jpg,52100.jpg
52112,myntradataset\images\52112.jpg,52112.jpg
52116,myntradataset\images\52116.jpg,52116.jpg
52331,myntradataset\images\52331.jpg,52331.jpg
52341,myntradataset\images\52341.jpg,52341.jpg
52348,myntradataset\images\52348.jpg,52348.jpg
52355,myntradataset\images\52355.jpg,52355.jpg
52417,myntradataset\images\52417.jpg,52417.jpg
52427,myntradataset\images\52427.jpg,52427.jpg
52468,myntradataset\images\52468.jpg,52468.jpg
52484,myntradataset\images\52484.jpg,52484.jpg
52487,myntradataset\images\52487.jpg,52487.jpg
52504,myntradataset\images\52504.jpg,52504.jpg
5252,myntradataset\images\5252.jpg,5252.jpg
52557,myntradataset\images\52557.jpg,52557.jpg
5256,myntradataset\images\5256.jpg,5256.jpg
52659,myntradataset\images\52659.jpg,52659.jpg
52749,myntradataset\images\52749.jpg,52749.jpg
52796,myntradataset\images\52796.jpg,52796.jpg
52814,myntradataset\images\52814.jpg,52814.jpg
5289,myntradataset\images\5289.jpg,5289.jpg
52902,myntradataset\images\52902.jpg,52902.jpg
5296,myntradataset\images\5296.jpg,5296.jpg
52978,myntradataset\images\52978.jpg,52978.jpg
52992,myntradataset\images\52992.jpg,52992.jpg
52998,myntradataset\images\52998.jpg,52998.jpg
53021,myntradataset\images\53021.jpg,53021.jpg
53064,myntradataset\images\53064.jpg,53064.jpg
53084,myntradataset\images\53084.jpg,53084.jpg
53097,myntradataset\images\53097.jpg,53097.jpg
53140,myntradataset\images\53140.jpg,53140.jpg
5322,myntradataset\images\5322.jpg,5322.jpg
5324,myntradataset\images\5324.jpg,5324.jpg
53360,myntradataset\images\53360.jpg,53360.jpg
5344,myntradataset\images\5344.jpg,5344.jpg
53448,myntradataset\images\53448.jpg,53448.jpg
53454,myntradataset\images\53454.jpg,53454.jpg
53473,myntradataset\images\53473.jpg,53473.jpg
53479,myntradataset\images\53479.jpg,53479.jpg
53548,myntradataset\images\53548.jpg,53548.jpg
53561,myntradataset\images\53561.jpg,53561.jpg
53579,myntradataset\images\53579.jpg,53579.jpg
53621,myntradataset\images\53621.jpg,53621.jpg
53640,myntradataset\images\53640.jpg,53640.jpg
53651,myntradataset\images\53651.jpg,53651.jpg
53669,myntradataset\images\53669.jpg,53669.jpg
5368,myntradataset\images\5368.jpg,5368.jpg
53749,myntradataset\images\53749.jpg,53749.jpg
53764,myntradataset\images\53764.jpg,53764.jpg
53788,myntradataset\images\53788.jpg,53788.jpg
5383,myntradataset\images\5383.jpg,5383.jpg
53918,myntradataset\images\53918.jpg,53918.jpg
54033,myntradataset\images\54033.jpg,54033.jpg
54071,myntradataset\images\54071.jpg,54071.jpg
54073,myntradataset\images\54073.jpg,54073.jpg
54089,myntradataset\images\54089.jpg,54089.jpg
54142,myntradataset\images\54142.jpg,54142.jpg
54155,myntradataset\images\54155.jpg,54155.jpg
54162,myntradataset\images\54162.jpg,54162.jpg
54172,myntradataset\images\54172.jpg,54172.jpg
5421,myntradataset\images\5421.jpg,5421.jpg
5427,myntradataset\images\5427.jpg,5427.jpg
54338,myntradataset\images\54338.jpg,54338.jpg
54341,myntradataset\images\54341.jpg,54341.jpg
54345,myntradataset\images\54345.jpg,54345.jpg
54529,myntradataset\images\54529.jpg,54529.jpg
54565,myntradataset\images\54565.jpg,54565.jpg
5457,myntradataset\images\5457.jpg,5457.jpg
54576,myntradataset\images\54576.jpg,54576.jpg
54682,myntradataset\images\54682.jpg,54682.jpg
54698,myntradataset\images\54698.jpg,54698.jpg
54718,myntradataset\images\54718.jpg,54718.jpg
5473,myntradataset\images\5473.jpg,5473.jpg
54732,myntradataset\images\54732.jpg,54732.jpg
54740,myntradataset\images\54740.jpg,54740.jpg
5477,myntradataset\images\5477.jpg,5477.jpg
54792,myntradataset\images\54792.jpg,54792.jpg
54871,myntradataset\images\54871.jpg,54871.jpg
54937,myntradataset\images\54937.jpg,54937.jpg
55002,myntradataset\images\55002.jpg,55002.jpg
55040,myntradataset\images\55040.jpg,55040.jpg
55100,myntradataset\images\55100.jpg,55100.jpg
55172,myntradataset\images\55172.jpg,55172.jpg
55196,myntradataset\images\55196.jpg,55196.jpg
55210,myntradataset\images\55210.jpg,55210.jpg
5525,myntradataset\images\5525.jpg,5525.jpg
55254,myntradataset\images\55254.jpg,55254.jpg
55257,myntradataset\images\55257.jpg,55257.jpg
55276,myntradataset\images\55276.jpg,55276.jpg
55296,myntradataset\images\55296.jpg,55296.jpg
55338,myntradataset\images\55338.jpg,55338.jpg
5534,myntradataset\images\5534.jpg,5534.jpg
55363,myntradataset\images\55363.jpg,55363.jpg
5537,myntradataset\images\5537.jpg,5537.jpg
55383,myntradataset\images\55383.jpg,55383.jpg
55392,myntradataset\images\55392.jpg,55392.jpg
55407,myntradataset\images\55407.jpg,55407.jpg
5542,myntradataset\images\5542.jpg,5542.jpg
55429,myntradataset\images\55429.jpg,55429.jpg
55433,myntradataset\images\55433.jpg,55433.jpg
55434,myntradataset\images\55434.jpg,55434.jpg
55447,myntradataset\images\55447.jpg,55447.jpg
5545,myntradataset\images\5545.jpg,5545.jpg
55471,myntradataset\images\55471.jpg,55471.jpg
55475,myntradataset\images\55475.jpg,55475.jpg
55508,myntradataset\images\55508.jpg,55508.jpg
55532,myntradataset\images\55532.jpg,55532.jpg
55557,myntradataset\images\55557.jpg,55557.jpg
55559,myntradataset\images\55559.jpg,55559.jpg
55612,myntradataset\images\55612.jpg,55612.jpg
55644,myntradataset\images\55644.jpg,55644.jpg
55809,myntradataset\images\55809.jpg,55809.jpg
55810,myntradataset\images\55810.jpg,55810.jpg
55826,myntradataset\images\55826.jpg,55826.jpg
55849,myntradataset\images\55849.jpg,55849.jpg
5585,myntradataset\images\5585.jpg,5585.jpg
5586,myntradataset\images\5586.jpg,5586.jpg
55860,myntradataset\images\55860.jpg,55860.jpg
55865,myntradataset\images\55865.jpg,55865.jpg
55866,myntradataset\images\55866.jpg,55866.jpg
55869,myntradataset\images\55869.jpg,55869.jpg
5590,myntradataset\images\5590.jpg,5590.jpg
55900,myntradataset\images\55900.jpg,55900.jpg
55910,myntradataset\images\55910.jpg,55910.jpg
55994,myntradataset\images\55994.jpg,55994.jpg
56008,myntradataset\images\56008.jpg,56008.jpg
56018,myntradataset\images\56018.jpg,56018.jpg
56076,myntradataset\images\56076.jpg,56076.jpg
56083,myntradataset\images\56083.jpg,56083.jpg
56117,myntradataset\images\56117.jpg,56117.jpg
56123,myntradataset\images\56123.jpg,56123.jpg
56151,myntradataset\images\56151.jpg,56151.jpg
56162,myntradataset\images\56162.jpg,56162.jpg
56164,myntradataset\images\56164.jpg,56164.jpg
56203,myntradataset\images\56203.jpg,56203.jpg
56234,myntradataset\images\56234.jpg,56234.jpg
56300,myntradataset\images\56300.jpg,56300.jpg
56304,myntradataset\images\56304.jpg,56304.jpg
56319,myntradataset\images\56319.jpg,56319.jpg
56327,myntradataset\images\56327.jpg,56327.jpg
5635,myntradataset\images\5635.jpg,5635.jpg
56351,myntradataset\images\56351.jpg,56351.jpg
56361,myntradataset\images\56361.jpg,56361.jpg
56378,myntradataset\images\56378.jpg,56378.jpg
56388,myntradataset\images\56388.jpg,56388.jpg
56452,myntradataset\images\56452.jpg,56452.jpg
56479,myntradataset\images\56479.jpg,56479.jpg
56481,myntradataset\images\56481.jpg,56481.jpg
56489,myntradataset\images\56489.jpg,56489.jpg
56497,myntradataset\images\56497.jpg,56497.jpg
56501,myntradataset\images\56501.jpg,56501.jpg
56523,myntradataset\images\56523.jpg,56523.jpg
56558,myntradataset\images\56558.jpg,56558.jpg
56560,myntradataset\images\56560.jpg,56560.jpg
56616,myntradataset\images\56616.jpg,56616.jpg
56660,myntradataset\images\56660.jpg,56660.jpg
56676,myntradataset\images\56676.jpg,56676.jpg
56695,myntradataset\images\56695.jpg,56695.jpg
56863,myntradataset\images\56863.jpg,56863.jpg
56864,myntradataset\images\56864.jpg,56864.jpg
56897,myntradataset\images\56897.jpg,56897.jpg
56916,myntradataset\images\56916.jpg,56916.jpg
5692,myntradataset\images\5692.jpg,5692.jpg
56921,myntradataset\images\56921.jpg,56921.jpg
56923,myntradataset\images\56923.jpg,56923.jpg
5693,myntradataset\images\5693.jpg,5693.jpg
56931,myntradataset\images\56931.jpg,56931.jpg
56960,myntradataset\images\56960.jpg,56960.jpg
56987,myntradataset\images\56987.jpg,56987.jpg
56988,myntradataset\images\56988.jpg,56988.jpg
56995,myntradataset\images\56995.jpg,56995.jpg
57080,myntradataset\images\57080.jpg,57080.jpg
57235,myntradataset\images\57235.jpg,57235.jpg
57236,myntradataset\images\57236.jpg,57236.jpg
57320,myntradataset\images\57320.jpg,57320.jpg
57338,myntradataset\images\57338.jpg,57338.jpg
57359,myntradataset\images\57359.jpg,57359.jpg
5737,myntradataset\images\5737.jpg,5737.jpg
57372,myntradataset\images\57372.jpg,57372.jpg
5740,myntradataset\images\5740.jpg,5740.jpg
5743,myntradataset\images\5743.jpg,5743.jpg
57450,myntradataset\images\57450.jpg,57450.jpg
57475,myntradataset\images\57475.jpg,57475.jpg
57491,myntradataset\images\57491.jpg,57491.jpg
57503,myntradataset\images\57503.jpg,57503.jpg
57526,myntradataset\images\57526.jpg,57526.jpg
57543,myntradataset\images\57543.jpg,57543.jpg
5759,myntradataset\images\5759.jpg,5759.jpg
57596,myntradataset\images\57596.jpg,57596.jpg
57664,myntradataset\images\57664.jpg,57664.jpg
57703,myntradataset\images\57703.jpg,57703.jpg
57725,myntradataset\images\57725.jpg,57725.jpg
57736,myntradataset\images\57736.jpg,57736.jpg
57779,myntradataset\images\57779.jpg,57779.jpg
57782,myntradataset\images\57782.jpg,57782.jpg
57789,myntradataset\images\57789.jpg,57789.jpg
57853,myntradataset\images\57853.jpg,57853.jpg
57890,myntradataset\images\57890.jpg,57890.jpg
57906,myntradataset\images\57906.jpg,57906.jpg
57911,myntradataset\images\57911.jpg,57911.jpg
57938,myntradataset\images\57938.jpg,57938.jpg
57945,myntradataset\images\57945.jpg,57945.jpg
57974,myntradataset\images\57974.jpg,57974.jpg
58023,myntradataset\images\58023.jpg,58023.jpg
58050,myntradataset\images\58050.jpg,58050.jpg
58057,myntradataset\images\58057.jpg,58057.jpg
58063,myntradataset\images\58063.jpg,58063.jpg
58129,myntradataset\images\58129.jpg,58129.jpg
58166,myntradataset\images\58166.jpg,58166.jpg
58167,myntradataset\images\58167.jpg,58167.jpg
58171,myntradataset\images\58171.jpg,58171.jpg
58174,myntradataset\images\58174.jpg,58174.jpg
58209,myntradataset\images\58209.jpg,58209.jpg
5821,myntradataset\images\5821.jpg,5821.jpg
58233,myntradataset\images\58233.jpg,58233.jpg
58254,myntradataset\images\58254.jpg,58254.jpg
58261,myntradataset\images\58261.jpg,58261.jpg
58294,myntradataset\images\58294.jpg,58294.jpg
58309,myntradataset\images\58309.jpg,58309.jpg
5833,myntradataset\images\5833.jpg,5833.jpg
58335,myntradataset\images\58335.jpg,58335.jpg
58336,myntradataset\images\58336.jpg,58336.jpg
5841,myntradataset\images\5841.jpg,5841.jpg
58472,myntradataset\images\58472.jpg,58472.jpg
58494,myntradataset\images\58494.jpg,58494.jpg
5850,myntradataset\images\5850.jpg,5850.jpg
58510,myntradataset\images\58510.jpg,58510.jpg
58549,myntradataset\images\58549.jpg,58549.jpg
58569,myntradataset\images\58569.jpg,58569.jpg
5861,myntradataset\images\5861.jpg,5861.jpg
58610,myntradataset\images\58610.jpg,58610.jpg
58659,myntradataset\images\58659.jpg,58659.jpg
5866,myntradataset\images\5866.jpg,5866.jpg
58667,myntradataset\images\58667.jpg,58667.jpg
58690,myntradataset\images\58690.jpg,58690.jpg
58691,myntradataset\images\58691.jpg,58691.jpg
58736,myntradataset\images\58736.jpg,58736.jpg
58744,myntradataset\images\58744.jpg,58744.jpg
58765,myntradataset\images\58765.jpg,58765.jpg
58841,myntradataset\images\58841.jpg,58841.jpg
58855,myntradataset\images\58855.jpg,58855.jpg
58857,myntradataset\images\58857.jpg,58857.jpg
58859,myntradataset\images\58859.jpg,58859.jpg
5886,myntradataset\images\5886.jpg,5886.jpg
58860,myntradataset\images\58860.jpg,58860.jpg
58965,myntradataset\images\58965.jpg,58965.jpg
58966,myntradataset\images\58966.jpg,58966.jpg
58992,myntradataset\images\58992.jpg,58992.jpg
5906,myntradataset\images\5906.jpg,5906.jpg
59060,myntradataset\images\59060.jpg,59060.jpg
59087,myntradataset\images\59087.jpg,59087.jpg
59133,myntradataset\images\59133.jpg,59133.jpg
59173,myntradataset\images\59173.jpg,59173.jpg
5922,myntradataset\images\5922.jpg,5922.jpg
59237,myntradataset\images\59237.jpg,59237.jpg
59253,myntradataset\images\59253.jpg,59253.jpg
59297,myntradataset\images\59297.jpg,59297.jpg
59298,myntradataset\images\59298.jpg,59298.jpg
59355,myntradataset\images\59355.jpg,59355.jpg
59451,myntradataset\images\59451.jpg,59451.jpg
59464,myntradataset\images\59464.jpg,59464.jpg
59510,myntradataset\images\59510.jpg,59510.jpg
59582,myntradataset\images\59582.jpg,59582.jpg
59587,myntradataset\images\59587.jpg,59587.jpg
59616,myntradataset\images\59616.jpg,59616.jpg
59619,myntradataset\images\59619.jpg,59619.jpg
59630,myntradataset\images\59630.jpg,59630.jpg
59639,myntradataset\images\59639.jpg,59639.jpg
59641,myntradataset\images\59641.jpg,59641.jpg
59686,myntradataset\images\59686.jpg,59686.jpg
59696,myntradataset\images\59696.jpg,59696.jpg
59705,myntradataset\images\59705.jpg,59705.jpg
59711,myntradataset\images\59711.jpg,59711.jpg
59725,myntradataset\images\59725.jpg,59725.jpg
59732,myntradataset\images\59732.jpg,59732.jpg
59783,myntradataset\images\59783.jpg,59783.jpg
59797,myntradataset\images\59797.jpg,59797.jpg
5982,myntradataset\images\5982.jpg,5982.jpg
59832,myntradataset\images\59832.jpg,59832.jpg
59881,myntradataset\images\59881.jpg,59881.jpg
59882,myntradataset\images\59882.jpg,59882.jpg
59907,myntradataset\images\59907.jpg,59907.jpg
59922,myntradataset\images\59922.jpg,59922.jpg
59929,myntradataset\images\59929.jpg,59929.jpg
59973,myntradataset\images\59973.jpg,59973.jpg
59993,myntradataset\images\59993.jpg,59993.jpg
6035,myntradataset\images\6035.jpg,6035.jpg
6061,myntradataset\images\6061.jpg,6061.jpg
6066,myntradataset\images\6066.jpg,6066.jpg
6067,myntradataset\images\6067.jpg,6067.jpg
6130,myntradataset\images\6130.jpg,6130.jpg
6173,myntradataset\images\6173.jpg,6173.jpg
6180,myntradataset\images\6180.jpg,6180.jpg
6198,myntradataset\images\6198.jpg,6198.jpg
6205,myntradataset\images\6205.jpg,6205.jpg
6243,myntradataset\images\6243.jpg,6243.jpg
6271,myntradataset\images\6271.jpg,6271.jpg
6311,myntradataset\images\6311.jpg,6311.jpg
6312,myntradataset\images\6312.jpg,6312.jpg
6321,myntradataset\images\6321.jpg,6321.jpg
6344,myntradataset\images\6344.jpg,6344.jpg
6363,myntradataset\images\6363.jpg,6363.jpg
6376,myntradataset\images\6376.jpg,6376.jpg
6399,myntradataset\images\6399.jpg,6399.jpg
6412,myntradataset\images\6412.jpg,6412.jpg
6455,myntradataset\images\6455.jpg,6455.jpg
6477,myntradataset\images\6477.jpg,6477.jpg
6483,myntradataset\images\6483.jpg,6483.jpg
6497,myntradataset\images\6497.jpg,6497.jpg
6585,myntradataset\images\6585.jpg,6585.jpg
6631,myntradataset\images\6631.jpg,6631.jpg
6654,myntradataset\images\6654.jpg,6654.jpg
6677,myntradataset\images\6677.jpg,6677.jpg
6683,myntradataset\images\6683.jpg,6683.jpg
6706,myntradataset\images\6706.jpg,6706.jpg
6734,myntradataset\images\6734.jpg,6734.jpg
6767,myntradataset\images\6767.jpg,6767.jpg
6807,myntradataset\images\6807.jpg,6807.jpg
6820,myntradataset\images\6820.jpg,6820.jpg
6823,myntradataset\images\6823.jpg,6823.jpg
6825,myntradataset\images\6825.jpg,6825.jpg
6826,myntradataset\images\6826.jpg,6826.jpg
6929,myntradataset\images\6929.jpg,6929.jpg
6939,myntradataset\images\6939.jpg,6939.jpg
7001,myntradataset\images\7001.jpg,7001.jpg
7068,myntradataset\images\7068.jpg,7068.jpg
7084,myntradataset\images\7084.jpg,7084.jpg
7085,myntradataset\images\7085.jpg,7085.jpg
7139,myntradataset\images\7139.jpg,7139.jpg
7149,myntradataset\images\7149.jpg,7149.jpg
7157,myntradataset\images\7157.jpg,7157.jpg
7165,myntradataset\images\7165.jpg,7165.jpg
7191,myntradataset\images\7191.jpg,7191.jpg
7204,myntradataset\images\7204.jpg,7204.jpg
7212,myntradataset\images\7212.jpg,7212.jpg
7222,myntradataset\images\7222.jpg,7222.jpg
7269,myntradataset\images\7269.jpg,7269.jpg
7281,myntradataset\images\7281.jpg,7281.jpg
7317,myntradataset\images\7317.jpg,7317.jpg
7327,myntradataset\images\7327.jpg,7327.jpg
7349,myntradataset\images\7349.jpg,7349.jpg
7372,myntradataset\images\7372.jpg,7372.jpg
7375,myntradataset\images\7375.jpg,7375.jpg
7409,myntradataset\images\7409.jpg,7409.jpg
7442,myntradataset\images\7442.jpg,7442.jpg
7473,myntradataset\images\7473.jpg,7473.jpg
7501,myntradataset\images\7501.jpg,7501.jpg
7527,myntradataset\images\7527.jpg,7527.jpg
7535,myntradataset\images\7535.jpg,7535.jpg
7541,myntradataset\images\7541.jpg,7541.jpg
7581,myntradataset\images\7581.jpg,7581.jpg
7594,myntradataset\images\7594.jpg,7594.jpg
7597,myntradataset\images\7597.jpg,7597.jpg
7660,myntradataset\images\7660.jpg,7660.jpg
7702,myntradataset\images\7702.jpg,7702.jpg
7708,myntradataset\images\7708.jpg,7708.jpg
7719,myntradataset\images\7719.jpg,7719.jpg
7726,myntradataset\images\7726.jpg,7726.jpg
7728,myntradataset\images\7728.jpg,7728.jpg
7797,myntradataset\images\7797.jpg,7797.jpg
7803,myntradataset\images\7803.jpg,7803.jpg
7822,myntradataset\images\7822.jpg,7822.jpg
7851,myntradataset\images\7851.jpg,7851.jpg
7875,myntradataset\images\7875.jpg,7875.jpg
7881,myntradataset\images\7881.jpg,7881.jpg
7906,myntradataset\images\7906.jpg,7906.jpg
7935,myntradataset\images\7935.jpg,7935.jpg
7969,myntradataset\images\7969.jpg,7969.jpg
8018,myntradataset\images\8018.jpg,8018.jpg
8030,myntradataset\images\8030.jpg,8030.jpg
8050,myntradataset\images\8050.jpg,8050.jpg
8074,myntradataset\images\8074.jpg,8074.jpg
8077,myntradataset\images\8077.jpg,8077.jpg
8112,myntradataset\images\8112.jpg,8112.jpg
8143,myntradataset\images\8143.jpg,8143.jpg
8205,myntradataset\images\8205.jpg,8205.jpg
8236,myntradataset\images\8236.jpg,8236.jpg
8272,myntradataset\images\8272.jpg,8272.jpg
8273,myntradataset\images\8273.jpg,8273.jpg
8279,myntradataset\images\8279.jpg,8279.jpg
8312,myntradataset\images\8312.jpg,8312.jpg
8314,myntradataset\images\8314.jpg,8314.jpg
8442,myntradataset\images\8442.jpg,8442.jpg
8448,myntradataset\images\8448.jpg,8448.jpg
8450,myntradataset\images\8450.jpg,8450.jpg
8473,myntradataset\images\8473.jpg,8473.jpg
8515,myntradataset\images\8515.jpg,8515.jpg
8524,myntradataset\images\8524.jpg,8524.jpg
8529,myntradataset\images\8529.jpg,8529.jpg
8611,myntradataset\images\8611.jpg,8611.jpg
8684,myntradataset\images\8684.jpg,8684.jpg
8718,myntradataset\images\8718.jpg,8718.jpg
8719,myntradataset\images\8719.jpg,8719.jpg
8749,myntradataset\images\8749.jpg,8749.jpg
8798,myntradataset\images\8798.jpg,8798.jpg
8802,myntradataset\images\8802.jpg,8802.jpg
8831,myntradataset\images\8831.jpg,8831.jpg
8857,myntradataset\images\8857.jpg,8857.jpg
8863,myntradataset\images\8863.jpg,8863.jpg
8892,myntradataset\images\8892.jpg,8892.jpg
8900,myntradataset\images\8900.jpg,8900.jpg
8929,myntradataset\images\8929.jpg,8929.jpg
8973,myntradataset\images\8973.jpg,8973.jpg
8975,myntradataset\images\8975.jpg,8975.jpg
8999,myntradataset\images\8999.jpg,8999.jpg
9028,myntradataset\images\9028.jpg,9028.jpg
9071,myntradataset\images\9071.jpg,9071.jpg
9114,myntradataset\images\9114.jpg,9114.jpg
9166,myntradataset\images\9166.jpg,9166.jpg
9202,myntradataset\images\9202.jpg,9202.jpg
9239,myntradataset\images\9239.jpg,9239.jpg
9248,myntradataset\images\9248.jpg,9248.jpg
9305,myntradataset\images\9305.jpg,9305.jpg
9352,myntradataset\images\9352.jpg,9352.jpg
9362,myntradataset\images\9362.jpg,9362.jpg
9385,myntradataset\images\9385.jpg,9385.jpg
9391,myntradataset\images\9391.jpg,9391.jpg
9405,myntradataset\images\9405.jpg,9405.jpg
9408,myntradataset\images\9408.jpg,9408.jpg
9409,myntradataset\images\9409.jpg,9409.jpg
9410,myntradataset\images\9410.jpg,9410.jpg
9464,myntradataset\images\9464.jpg,9464.jpg
9474,myntradataset\images\9474.jpg,9474.jpg
9495,myntradataset\images\9495.jpg,9495.jpg
9508,myntradataset\images\9508.jpg,9508.jpg
9532,myntradataset\images\9532.jpg,9532.jpg
9583,myntradataset\images\9583.jpg,9583.jpg
9590,myntradataset\images\9590.jpg,9590.jpg
9594,myntradataset\images\9594.jpg,9594.jpg
9618,myntradataset\images\9618.jpg,9618.jpg
9648,myntradataset\images\9648.jpg,9648.jpg
9672,myntradataset\images\9672.jpg,9672.jpg
9684,myntradataset\images\9684.jpg,9684.jpg
9689,myntradataset\images\9689.jpg,9689.jpg
9691,myntradataset\images\9691.jpg,9691.jpg
9706,myntradataset\images\9706.jpg,9706.jpg
9755,myntradataset\images\9755.jpg,9755.jpg
9772,myntradataset\images\9772.jpg,9772.jpg
9791,myntradataset\images\9791.jpg,9791.jpg
9856,myntradataset\images\9856.jpg,9856.jpg
9960,myntradataset\images\9960.jpg,9960.jpg
9968,myntradataset\images\9968.jpg,9968.jpg
9993,myntradataset\images\9993.jpg,9993.jpg
